ts,type,walletId,lightningAddress,invoiceId,betAmount,payoutAmount,amountSats,balanceBeforeSats,balanceAfterSats,recipient,reason,error
"2026-05-08T02:36:18.288Z","auto_refund_failed","e2da14b8e4d0d38e93705bd9283d5c45","abc@speed.app","","","","1030","0","1030","abc@speed.app","auto_refund","Request failed with status code 400"
"2026-05-08T02:36:17.581Z","auto_refund_requested","e2da14b8e4d0d38e93705bd9283d5c45","abc@speed.app","","","","1030","1030","0","abc@speed.app","auto_refund",""
"2026-05-08T02:31:18.300Z","auto_refund_failed","e2da14b8e4d0d38e93705bd9283d5c45","abc@speed.app","","","","1030","0","1030","abc@speed.app","auto_refund","Request failed with status code 400"
"2026-05-08T02:31:17.578Z","auto_refund_requested","e2da14b8e4d0d38e93705bd9283d5c45","abc@speed.app","","","","1030","1030","0","abc@speed.app","auto_refund",""
"2026-05-08T02:26:18.402Z","auto_refund_failed","e2da14b8e4d0d38e93705bd9283d5c45","abc@speed.app","","","","1030","0","1030","abc@speed.app","auto_refund","Request failed with status code 400"
"2026-05-08T02:26:17.574Z","auto_refund_requested","e2da14b8e4d0d38e93705bd9283d5c45","abc@speed.app","","","","1030","1030","0","abc@speed.app","auto_refund",""
"2026-05-08T02:21:18.500Z","auto_refund_failed","e2da14b8e4d0d38e93705bd9283d5c45","abc@speed.app","","","","1030","0","1030","abc@speed.app","auto_refund","Request failed with status code 400"
"2026-05-08T02:21:17.571Z","auto_refund_requested","e2da14b8e4d0d38e93705bd9283d5c45","abc@speed.app","","","","1030","1030","0","abc@speed.app","auto_refund",""
"2026-05-08T02:16:18.409Z","auto_refund_failed","e2da14b8e4d0d38e93705bd9283d5c45","abc@speed.app","","","","1030","0","1030","abc@speed.app","auto_refund","Request failed with status code 400"
"2026-05-08T02:16:17.570Z","auto_refund_requested","e2da14b8e4d0d38e93705bd9283d5c45","abc@speed.app","","","","1030","1030","0","abc@speed.app","auto_refund",""
"2026-05-08T02:11:18.359Z","auto_refund_failed","e2da14b8e4d0d38e93705bd9283d5c45","abc@speed.app","","","","1030","0","1030","abc@speed.app","auto_refund","Request failed with status code 400"
"2026-05-08T02:11:17.566Z","auto_refund_requested","e2da14b8e4d0d38e93705bd9283d5c45","abc@speed.app","","","","1030","1030","0","abc@speed.app","auto_refund",""
"2026-05-08T02:06:18.473Z","auto_refund_failed","e2da14b8e4d0d38e93705bd9283d5c45","abc@speed.app","","","","1030","0","1030","abc@speed.app","auto_refund","Request failed with status code 400"
"2026-05-08T02:06:17.565Z","auto_refund_requested","e2da14b8e4d0d38e93705bd9283d5c45","abc@speed.app","","","","1030","1030","0","abc@speed.app","auto_refund",""
"2026-05-08T02:01:18.354Z","auto_refund_failed","e2da14b8e4d0d38e93705bd9283d5c45","abc@speed.app","","","","1030","0","1030","abc@speed.app","auto_refund","Request failed with status code 400"
"2026-05-08T02:01:17.563Z","auto_refund_requested","e2da14b8e4d0d38e93705bd9283d5c45","abc@speed.app","","","","1030","1030","0","abc@speed.app","auto_refund",""
"2026-05-08T01:56:18.357Z","auto_refund_failed","e2da14b8e4d0d38e93705bd9283d5c45","abc@speed.app","","","","1030","0","1030","abc@speed.app","auto_refund","Request failed with status code 400"
"2026-05-08T01:56:17.560Z","auto_refund_requested","e2da14b8e4d0d38e93705bd9283d5c45","abc@speed.app","","","","1030","1030","0","abc@speed.app","auto_refund",""
"2026-05-08T01:51:18.441Z","auto_refund_failed","e2da14b8e4d0d38e93705bd9283d5c45","abc@speed.app","","","","1030","0","1030","abc@speed.app","auto_refund","Request failed with status code 400"
"2026-05-08T01:51:17.558Z","auto_refund_requested","e2da14b8e4d0d38e93705bd9283d5c45","abc@speed.app","","","","1030","1030","0","abc@speed.app","auto_refund",""
"2026-05-08T01:46:18.285Z","auto_refund_failed","e2da14b8e4d0d38e93705bd9283d5c45","abc@speed.app","","","","1030","0","1030","abc@speed.app","auto_refund","Request failed with status code 400"
"2026-05-08T01:46:17.551Z","auto_refund_requested","e2da14b8e4d0d38e93705bd9283d5c45","abc@speed.app","","","","1030","1030","0","abc@speed.app","auto_refund",""
"2026-05-08T01:41:18.274Z","auto_refund_failed","e2da14b8e4d0d38e93705bd9283d5c45","abc@speed.app","","","","1030","0","1030","abc@speed.app","auto_refund","Request failed with status code 400"
"2026-05-08T01:41:17.547Z","auto_refund_requested","e2da14b8e4d0d38e93705bd9283d5c45","abc@speed.app","","","","1030","1030","0","abc@speed.app","auto_refund",""
"2026-05-08T01:36:18.212Z","auto_refund_failed","e2da14b8e4d0d38e93705bd9283d5c45","abc@speed.app","","","","1030","0","1030","abc@speed.app","auto_refund","Request failed with status code 400"
"2026-05-08T01:36:17.544Z","auto_refund_requested","e2da14b8e4d0d38e93705bd9283d5c45","abc@speed.app","","","","1030","1030","0","abc@speed.app","auto_refund",""
"2026-05-08T01:31:18.308Z","auto_refund_failed","e2da14b8e4d0d38e93705bd9283d5c45","abc@speed.app","","","","1030","0","1030","abc@speed.app","auto_refund","Request failed with status code 400"
"2026-05-08T01:31:17.541Z","auto_refund_requested","e2da14b8e4d0d38e93705bd9283d5c45","abc@speed.app","","","","1030","1030","0","abc@speed.app","auto_refund",""
"2026-05-08T01:26:18.269Z","auto_refund_failed","e2da14b8e4d0d38e93705bd9283d5c45","abc@speed.app","","","","1030","0","1030","abc@speed.app","auto_refund","Request failed with status code 400"
"2026-05-08T01:26:17.539Z","auto_refund_requested","e2da14b8e4d0d38e93705bd9283d5c45","abc@speed.app","","","","1030","1030","0","abc@speed.app","auto_refund",""
"2026-05-08T01:21:18.287Z","auto_refund_failed","e2da14b8e4d0d38e93705bd9283d5c45","abc@speed.app","","","","1030","0","1030","abc@speed.app","auto_refund","Request failed with status code 400"
"2026-05-08T01:21:17.539Z","auto_refund_requested","e2da14b8e4d0d38e93705bd9283d5c45","abc@speed.app","","","","1030","1030","0","abc@speed.app","auto_refund",""
"2026-05-08T01:16:18.262Z","auto_refund_failed","e2da14b8e4d0d38e93705bd9283d5c45","abc@speed.app","","","","1030","0","1030","abc@speed.app","auto_refund","Request failed with status code 400"
"2026-05-08T01:16:17.537Z","auto_refund_requested","e2da14b8e4d0d38e93705bd9283d5c45","abc@speed.app","","","","1030","1030","0","abc@speed.app","auto_refund",""
"2026-05-08T01:11:18.287Z","auto_refund_failed","e2da14b8e4d0d38e93705bd9283d5c45","abc@speed.app","","","","1030","0","1030","abc@speed.app","auto_refund","Request failed with status code 400"
"2026-05-08T01:11:17.536Z","auto_refund_requested","e2da14b8e4d0d38e93705bd9283d5c45","abc@speed.app","","","","1030","1030","0","abc@speed.app","auto_refund",""
"2026-05-08T01:06:18.480Z","auto_refund_failed","e2da14b8e4d0d38e93705bd9283d5c45","abc@speed.app","","","","1030","0","1030","abc@speed.app","auto_refund","Request failed with status code 400"
"2026-05-08T01:06:17.535Z","auto_refund_requested","e2da14b8e4d0d38e93705bd9283d5c45","abc@speed.app","","","","1030","1030","0","abc@speed.app","auto_refund",""
"2026-05-08T01:01:18.307Z","auto_refund_failed","e2da14b8e4d0d38e93705bd9283d5c45","abc@speed.app","","","","1030","0","1030","abc@speed.app","auto_refund","Request failed with status code 400"
"2026-05-08T01:01:17.533Z","auto_refund_requested","e2da14b8e4d0d38e93705bd9283d5c45","abc@speed.app","","","","1030","1030","0","abc@speed.app","auto_refund",""
"2026-05-08T00:56:18.191Z","auto_refund_failed","e2da14b8e4d0d38e93705bd9283d5c45","abc@speed.app","","","","1030","0","1030","abc@speed.app","auto_refund","Request failed with status code 400"
"2026-05-08T00:56:17.528Z","auto_refund_requested","e2da14b8e4d0d38e93705bd9283d5c45","abc@speed.app","","","","1030","1030","0","abc@speed.app","auto_refund",""
"2026-05-08T00:51:18.328Z","auto_refund_failed","e2da14b8e4d0d38e93705bd9283d5c45","abc@speed.app","","","","1030","0","1030","abc@speed.app","auto_refund","Request failed with status code 400"
"2026-05-08T00:51:17.527Z","auto_refund_requested","e2da14b8e4d0d38e93705bd9283d5c45","abc@speed.app","","","","1030","1030","0","abc@speed.app","auto_refund",""
"2026-05-08T00:46:18.258Z","auto_refund_failed","e2da14b8e4d0d38e93705bd9283d5c45","abc@speed.app","","","","1030","0","1030","abc@speed.app","auto_refund","Request failed with status code 400"
"2026-05-08T00:46:17.524Z","auto_refund_requested","e2da14b8e4d0d38e93705bd9283d5c45","abc@speed.app","","","","1030","1030","0","abc@speed.app","auto_refund",""
"2026-05-08T00:41:18.665Z","auto_refund_failed","e2da14b8e4d0d38e93705bd9283d5c45","abc@speed.app","","","","1030","0","1030","abc@speed.app","auto_refund","Request failed with status code 400"
"2026-05-08T00:41:17.521Z","auto_refund_requested","e2da14b8e4d0d38e93705bd9283d5c45","abc@speed.app","","","","1030","1030","0","abc@speed.app","auto_refund",""
"2026-05-08T00:36:18.310Z","auto_refund_failed","e2da14b8e4d0d38e93705bd9283d5c45","abc@speed.app","","","","1030","0","1030","abc@speed.app","auto_refund","Request failed with status code 400"
"2026-05-08T00:36:17.519Z","auto_refund_requested","e2da14b8e4d0d38e93705bd9283d5c45","abc@speed.app","","","","1030","1030","0","abc@speed.app","auto_refund",""
"2026-05-08T00:31:18.244Z","auto_refund_failed","e2da14b8e4d0d38e93705bd9283d5c45","abc@speed.app","","","","1030","0","1030","abc@speed.app","auto_refund","Request failed with status code 400"
"2026-05-08T00:31:17.516Z","auto_refund_requested","e2da14b8e4d0d38e93705bd9283d5c45","abc@speed.app","","","","1030","1030","0","abc@speed.app","auto_refund",""
"2026-05-08T00:26:18.259Z","auto_refund_failed","e2da14b8e4d0d38e93705bd9283d5c45","abc@speed.app","","","","1030","0","1030","abc@speed.app","auto_refund","Request failed with status code 400"
"2026-05-08T00:26:17.515Z","auto_refund_requested","e2da14b8e4d0d38e93705bd9283d5c45","abc@speed.app","","","","1030","1030","0","abc@speed.app","auto_refund",""
"2026-05-08T00:21:18.206Z","auto_refund_failed","e2da14b8e4d0d38e93705bd9283d5c45","abc@speed.app","","","","1030","0","1030","abc@speed.app","auto_refund","Request failed with status code 400"
"2026-05-08T00:21:17.511Z","auto_refund_requested","e2da14b8e4d0d38e93705bd9283d5c45","abc@speed.app","","","","1030","1030","0","abc@speed.app","auto_refund",""
"2026-05-08T00:16:18.280Z","auto_refund_failed","e2da14b8e4d0d38e93705bd9283d5c45","abc@speed.app","","","","1030","0","1030","abc@speed.app","auto_refund","Request failed with status code 400"
"2026-05-08T00:16:17.510Z","auto_refund_requested","e2da14b8e4d0d38e93705bd9283d5c45","abc@speed.app","","","","1030","1030","0","abc@speed.app","auto_refund",""
"2026-05-08T00:11:18.305Z","auto_refund_failed","e2da14b8e4d0d38e93705bd9283d5c45","abc@speed.app","","","","1030","0","1030","abc@speed.app","auto_refund","Request failed with status code 400"
"2026-05-08T00:11:17.507Z","auto_refund_requested","e2da14b8e4d0d38e93705bd9283d5c45","abc@speed.app","","","","1030","1030","0","abc@speed.app","auto_refund",""
"2026-05-08T00:06:18.273Z","auto_refund_failed","e2da14b8e4d0d38e93705bd9283d5c45","abc@speed.app","","","","1030","0","1030","abc@speed.app","auto_refund","Request failed with status code 400"
"2026-05-08T00:06:17.504Z","auto_refund_requested","e2da14b8e4d0d38e93705bd9283d5c45","abc@speed.app","","","","1030","1030","0","abc@speed.app","auto_refund",""
"2026-05-08T00:01:18.196Z","auto_refund_failed","e2da14b8e4d0d38e93705bd9283d5c45","abc@speed.app","","","","1030","0","1030","abc@speed.app","auto_refund","Request failed with status code 400"
"2026-05-08T00:01:17.503Z","auto_refund_requested","e2da14b8e4d0d38e93705bd9283d5c45","abc@speed.app","","","","1030","1030","0","abc@speed.app","auto_refund",""
"2026-05-07T23:56:18.302Z","auto_refund_failed","e2da14b8e4d0d38e93705bd9283d5c45","abc@speed.app","","","","1030","0","1030","abc@speed.app","auto_refund","Request failed with status code 400"
"2026-05-07T23:56:17.501Z","auto_refund_requested","e2da14b8e4d0d38e93705bd9283d5c45","abc@speed.app","","","","1030","1030","0","abc@speed.app","auto_refund",""
"2026-05-07T23:51:18.221Z","auto_refund_failed","e2da14b8e4d0d38e93705bd9283d5c45","abc@speed.app","","","","1030","0","1030","abc@speed.app","auto_refund","Request failed with status code 400"
"2026-05-07T23:51:17.498Z","auto_refund_requested","e2da14b8e4d0d38e93705bd9283d5c45","abc@speed.app","","","","1030","1030","0","abc@speed.app","auto_refund",""
"2026-05-07T23:46:18.155Z","auto_refund_failed","e2da14b8e4d0d38e93705bd9283d5c45","abc@speed.app","","","","1030","0","1030","abc@speed.app","auto_refund","Request failed with status code 400"
"2026-05-07T23:46:17.496Z","auto_refund_requested","e2da14b8e4d0d38e93705bd9283d5c45","abc@speed.app","","","","1030","1030","0","abc@speed.app","auto_refund",""
"2026-05-07T23:41:18.398Z","auto_refund_failed","e2da14b8e4d0d38e93705bd9283d5c45","abc@speed.app","","","","1030","0","1030","abc@speed.app","auto_refund","Request failed with status code 400"
"2026-05-07T23:41:17.491Z","auto_refund_requested","e2da14b8e4d0d38e93705bd9283d5c45","abc@speed.app","","","","1030","1030","0","abc@speed.app","auto_refund",""
"2026-05-07T23:36:18.222Z","auto_refund_failed","e2da14b8e4d0d38e93705bd9283d5c45","abc@speed.app","","","","1030","0","1030","abc@speed.app","auto_refund","Request failed with status code 400"
"2026-05-07T23:36:17.490Z","auto_refund_requested","e2da14b8e4d0d38e93705bd9283d5c45","abc@speed.app","","","","1030","1030","0","abc@speed.app","auto_refund",""
"2026-05-07T23:31:18.384Z","auto_refund_failed","e2da14b8e4d0d38e93705bd9283d5c45","abc@speed.app","","","","1030","0","1030","abc@speed.app","auto_refund","Request failed with status code 400"
"2026-05-07T23:31:17.488Z","auto_refund_requested","e2da14b8e4d0d38e93705bd9283d5c45","abc@speed.app","","","","1030","1030","0","abc@speed.app","auto_refund",""
"2026-05-07T23:26:18.223Z","auto_refund_failed","e2da14b8e4d0d38e93705bd9283d5c45","abc@speed.app","","","","1030","0","1030","abc@speed.app","auto_refund","Request failed with status code 400"
"2026-05-07T23:26:17.485Z","auto_refund_requested","e2da14b8e4d0d38e93705bd9283d5c45","abc@speed.app","","","","1030","1030","0","abc@speed.app","auto_refund",""
"2026-05-07T23:21:18.270Z","auto_refund_failed","e2da14b8e4d0d38e93705bd9283d5c45","abc@speed.app","","","","1030","0","1030","abc@speed.app","auto_refund","Request failed with status code 400"
"2026-05-07T23:21:17.483Z","auto_refund_requested","e2da14b8e4d0d38e93705bd9283d5c45","abc@speed.app","","","","1030","1030","0","abc@speed.app","auto_refund",""
"2026-05-07T23:16:18.423Z","auto_refund_failed","e2da14b8e4d0d38e93705bd9283d5c45","abc@speed.app","","","","1030","0","1030","abc@speed.app","auto_refund","Request failed with status code 400"
"2026-05-07T23:16:17.480Z","auto_refund_requested","e2da14b8e4d0d38e93705bd9283d5c45","abc@speed.app","","","","1030","1030","0","abc@speed.app","auto_refund",""
"2026-05-07T23:11:18.457Z","auto_refund_failed","e2da14b8e4d0d38e93705bd9283d5c45","abc@speed.app","","","","1030","0","1030","abc@speed.app","auto_refund","Request failed with status code 400"
"2026-05-07T23:11:17.478Z","auto_refund_requested","e2da14b8e4d0d38e93705bd9283d5c45","abc@speed.app","","","","1030","1030","0","abc@speed.app","auto_refund",""
"2026-05-07T23:06:18.147Z","auto_refund_failed","e2da14b8e4d0d38e93705bd9283d5c45","abc@speed.app","","","","1030","0","1030","abc@speed.app","auto_refund","Request failed with status code 400"
"2026-05-07T23:06:17.476Z","auto_refund_requested","e2da14b8e4d0d38e93705bd9283d5c45","abc@speed.app","","","","1030","1030","0","abc@speed.app","auto_refund",""
"2026-05-07T23:01:18.221Z","auto_refund_failed","e2da14b8e4d0d38e93705bd9283d5c45","abc@speed.app","","","","1030","0","1030","abc@speed.app","auto_refund","Request failed with status code 400"
"2026-05-07T23:01:17.475Z","auto_refund_requested","e2da14b8e4d0d38e93705bd9283d5c45","abc@speed.app","","","","1030","1030","0","abc@speed.app","auto_refund",""
"2026-05-07T22:56:18.199Z","auto_refund_failed","e2da14b8e4d0d38e93705bd9283d5c45","abc@speed.app","","","","1030","0","1030","abc@speed.app","auto_refund","Request failed with status code 400"
"2026-05-07T22:56:17.473Z","auto_refund_requested","e2da14b8e4d0d38e93705bd9283d5c45","abc@speed.app","","","","1030","1030","0","abc@speed.app","auto_refund",""
"2026-05-07T22:51:18.514Z","auto_refund_failed","e2da14b8e4d0d38e93705bd9283d5c45","abc@speed.app","","","","1030","0","1030","abc@speed.app","auto_refund","Request failed with status code 400"
"2026-05-07T22:51:17.471Z","auto_refund_requested","e2da14b8e4d0d38e93705bd9283d5c45","abc@speed.app","","","","1030","1030","0","abc@speed.app","auto_refund",""
"2026-05-07T22:46:18.200Z","auto_refund_failed","e2da14b8e4d0d38e93705bd9283d5c45","abc@speed.app","","","","1030","0","1030","abc@speed.app","auto_refund","Request failed with status code 400"
"2026-05-07T22:46:17.465Z","auto_refund_requested","e2da14b8e4d0d38e93705bd9283d5c45","abc@speed.app","","","","1030","1030","0","abc@speed.app","auto_refund",""
"2026-05-07T22:41:18.361Z","auto_refund_failed","e2da14b8e4d0d38e93705bd9283d5c45","abc@speed.app","","","","1030","0","1030","abc@speed.app","auto_refund","Request failed with status code 400"
"2026-05-07T22:41:17.463Z","auto_refund_requested","e2da14b8e4d0d38e93705bd9283d5c45","abc@speed.app","","","","1030","1030","0","abc@speed.app","auto_refund",""
"2026-05-07T22:36:18.115Z","auto_refund_failed","e2da14b8e4d0d38e93705bd9283d5c45","abc@speed.app","","","","1030","0","1030","abc@speed.app","auto_refund","Request failed with status code 400"
"2026-05-07T22:36:17.461Z","auto_refund_requested","e2da14b8e4d0d38e93705bd9283d5c45","abc@speed.app","","","","1030","1030","0","abc@speed.app","auto_refund",""
"2026-05-07T22:31:18.265Z","auto_refund_failed","e2da14b8e4d0d38e93705bd9283d5c45","abc@speed.app","","","","1030","0","1030","abc@speed.app","auto_refund","Request failed with status code 400"
"2026-05-07T22:31:17.457Z","auto_refund_requested","e2da14b8e4d0d38e93705bd9283d5c45","abc@speed.app","","","","1030","1030","0","abc@speed.app","auto_refund",""
"2026-05-07T22:26:18.187Z","auto_refund_failed","e2da14b8e4d0d38e93705bd9283d5c45","abc@speed.app","","","","1030","0","1030","abc@speed.app","auto_refund","Request failed with status code 400"
"2026-05-07T22:26:17.452Z","auto_refund_requested","e2da14b8e4d0d38e93705bd9283d5c45","abc@speed.app","","","","1030","1030","0","abc@speed.app","auto_refund",""
"2026-05-07T22:21:18.265Z","auto_refund_failed","e2da14b8e4d0d38e93705bd9283d5c45","abc@speed.app","","","","1030","0","1030","abc@speed.app","auto_refund","Request failed with status code 400"
"2026-05-07T22:21:17.451Z","auto_refund_requested","e2da14b8e4d0d38e93705bd9283d5c45","abc@speed.app","","","","1030","1030","0","abc@speed.app","auto_refund",""
"2026-05-07T22:16:18.168Z","auto_refund_failed","e2da14b8e4d0d38e93705bd9283d5c45","abc@speed.app","","","","1030","0","1030","abc@speed.app","auto_refund","Request failed with status code 400"
"2026-05-07T22:16:17.450Z","auto_refund_requested","e2da14b8e4d0d38e93705bd9283d5c45","abc@speed.app","","","","1030","1030","0","abc@speed.app","auto_refund",""
"2026-05-07T22:11:18.128Z","auto_refund_failed","e2da14b8e4d0d38e93705bd9283d5c45","abc@speed.app","","","","1030","0","1030","abc@speed.app","auto_refund","Request failed with status code 400"
"2026-05-07T22:11:17.449Z","auto_refund_requested","e2da14b8e4d0d38e93705bd9283d5c45","abc@speed.app","","","","1030","1030","0","abc@speed.app","auto_refund",""
"2026-05-07T22:06:18.173Z","auto_refund_failed","e2da14b8e4d0d38e93705bd9283d5c45","abc@speed.app","","","","1030","0","1030","abc@speed.app","auto_refund","Request failed with status code 400"
"2026-05-07T22:06:17.446Z","auto_refund_requested","e2da14b8e4d0d38e93705bd9283d5c45","abc@speed.app","","","","1030","1030","0","abc@speed.app","auto_refund",""
"2026-05-07T22:01:18.134Z","auto_refund_failed","e2da14b8e4d0d38e93705bd9283d5c45","abc@speed.app","","","","1030","0","1030","abc@speed.app","auto_refund","Request failed with status code 400"
"2026-05-07T22:01:17.444Z","auto_refund_requested","e2da14b8e4d0d38e93705bd9283d5c45","abc@speed.app","","","","1030","1030","0","abc@speed.app","auto_refund",""
"2026-05-07T21:56:18.261Z","auto_refund_failed","e2da14b8e4d0d38e93705bd9283d5c45","abc@speed.app","","","","1030","0","1030","abc@speed.app","auto_refund","Request failed with status code 400"
"2026-05-07T21:56:17.441Z","auto_refund_requested","e2da14b8e4d0d38e93705bd9283d5c45","abc@speed.app","","","","1030","1030","0","abc@speed.app","auto_refund",""
"2026-05-07T21:51:18.266Z","auto_refund_failed","e2da14b8e4d0d38e93705bd9283d5c45","abc@speed.app","","","","1030","0","1030","abc@speed.app","auto_refund","Request failed with status code 400"
"2026-05-07T21:51:17.440Z","auto_refund_requested","e2da14b8e4d0d38e93705bd9283d5c45","abc@speed.app","","","","1030","1030","0","abc@speed.app","auto_refund",""
"2026-05-07T21:46:18.246Z","auto_refund_failed","e2da14b8e4d0d38e93705bd9283d5c45","abc@speed.app","","","","1030","0","1030","abc@speed.app","auto_refund","Request failed with status code 400"
"2026-05-07T21:46:17.431Z","auto_refund_requested","e2da14b8e4d0d38e93705bd9283d5c45","abc@speed.app","","","","1030","1030","0","abc@speed.app","auto_refund",""
"2026-05-07T21:41:18.132Z","auto_refund_failed","e2da14b8e4d0d38e93705bd9283d5c45","abc@speed.app","","","","1030","0","1030","abc@speed.app","auto_refund","Request failed with status code 400"
"2026-05-07T21:41:17.428Z","auto_refund_requested","e2da14b8e4d0d38e93705bd9283d5c45","abc@speed.app","","","","1030","1030","0","abc@speed.app","auto_refund",""
"2026-05-07T21:36:18.196Z","auto_refund_failed","e2da14b8e4d0d38e93705bd9283d5c45","abc@speed.app","","","","1030","0","1030","abc@speed.app","auto_refund","Request failed with status code 400"
"2026-05-07T21:36:17.427Z","auto_refund_requested","e2da14b8e4d0d38e93705bd9283d5c45","abc@speed.app","","","","1030","1030","0","abc@speed.app","auto_refund",""
"2026-05-07T21:31:18.201Z","auto_refund_failed","e2da14b8e4d0d38e93705bd9283d5c45","abc@speed.app","","","","1030","0","1030","abc@speed.app","auto_refund","Request failed with status code 400"
"2026-05-07T21:31:17.423Z","auto_refund_requested","e2da14b8e4d0d38e93705bd9283d5c45","abc@speed.app","","","","1030","1030","0","abc@speed.app","auto_refund",""
"2026-05-07T21:26:18.168Z","auto_refund_failed","e2da14b8e4d0d38e93705bd9283d5c45","abc@speed.app","","","","1030","0","1030","abc@speed.app","auto_refund","Request failed with status code 400"
"2026-05-07T21:26:17.422Z","auto_refund_requested","e2da14b8e4d0d38e93705bd9283d5c45","abc@speed.app","","","","1030","1030","0","abc@speed.app","auto_refund",""
"2026-05-07T21:21:18.215Z","auto_refund_failed","e2da14b8e4d0d38e93705bd9283d5c45","abc@speed.app","","","","1030","0","1030","abc@speed.app","auto_refund","Request failed with status code 400"
"2026-05-07T21:21:17.420Z","auto_refund_requested","e2da14b8e4d0d38e93705bd9283d5c45","abc@speed.app","","","","1030","1030","0","abc@speed.app","auto_refund",""
"2026-05-07T21:16:18.308Z","auto_refund_failed","e2da14b8e4d0d38e93705bd9283d5c45","abc@speed.app","","","","1030","0","1030","abc@speed.app","auto_refund","Request failed with status code 400"
"2026-05-07T21:16:17.418Z","auto_refund_requested","e2da14b8e4d0d38e93705bd9283d5c45","abc@speed.app","","","","1030","1030","0","abc@speed.app","auto_refund",""
"2026-05-07T21:11:18.137Z","auto_refund_failed","e2da14b8e4d0d38e93705bd9283d5c45","abc@speed.app","","","","1030","0","1030","abc@speed.app","auto_refund","Request failed with status code 400"
"2026-05-07T21:11:17.416Z","auto_refund_requested","e2da14b8e4d0d38e93705bd9283d5c45","abc@speed.app","","","","1030","1030","0","abc@speed.app","auto_refund",""
"2026-05-07T21:06:18.238Z","auto_refund_failed","e2da14b8e4d0d38e93705bd9283d5c45","abc@speed.app","","","","1030","0","1030","abc@speed.app","auto_refund","Request failed with status code 400"
"2026-05-07T21:06:17.416Z","auto_refund_requested","e2da14b8e4d0d38e93705bd9283d5c45","abc@speed.app","","","","1030","1030","0","abc@speed.app","auto_refund",""
"2026-05-07T21:01:18.154Z","auto_refund_failed","e2da14b8e4d0d38e93705bd9283d5c45","abc@speed.app","","","","1030","0","1030","abc@speed.app","auto_refund","Request failed with status code 400"
"2026-05-07T21:01:17.412Z","auto_refund_requested","e2da14b8e4d0d38e93705bd9283d5c45","abc@speed.app","","","","1030","1030","0","abc@speed.app","auto_refund",""
"2026-05-07T20:56:18.131Z","auto_refund_failed","e2da14b8e4d0d38e93705bd9283d5c45","abc@speed.app","","","","1030","0","1030","abc@speed.app","auto_refund","Request failed with status code 400"
"2026-05-07T20:56:17.411Z","auto_refund_requested","e2da14b8e4d0d38e93705bd9283d5c45","abc@speed.app","","","","1030","1030","0","abc@speed.app","auto_refund",""
"2026-05-07T20:51:18.129Z","auto_refund_failed","e2da14b8e4d0d38e93705bd9283d5c45","abc@speed.app","","","","1030","0","1030","abc@speed.app","auto_refund","Request failed with status code 400"
"2026-05-07T20:51:17.407Z","auto_refund_requested","e2da14b8e4d0d38e93705bd9283d5c45","abc@speed.app","","","","1030","1030","0","abc@speed.app","auto_refund",""
"2026-05-07T20:46:18.375Z","auto_refund_failed","e2da14b8e4d0d38e93705bd9283d5c45","abc@speed.app","","","","1030","0","1030","abc@speed.app","auto_refund","Request failed with status code 400"
"2026-05-07T20:46:17.406Z","auto_refund_requested","e2da14b8e4d0d38e93705bd9283d5c45","abc@speed.app","","","","1030","1030","0","abc@speed.app","auto_refund",""
"2026-05-07T20:41:18.106Z","auto_refund_failed","e2da14b8e4d0d38e93705bd9283d5c45","abc@speed.app","","","","1030","0","1030","abc@speed.app","auto_refund","Request failed with status code 400"
"2026-05-07T20:41:17.404Z","auto_refund_requested","e2da14b8e4d0d38e93705bd9283d5c45","abc@speed.app","","","","1030","1030","0","abc@speed.app","auto_refund",""
"2026-05-07T20:36:18.145Z","auto_refund_failed","e2da14b8e4d0d38e93705bd9283d5c45","abc@speed.app","","","","1030","0","1030","abc@speed.app","auto_refund","Request failed with status code 400"
"2026-05-07T20:36:17.402Z","auto_refund_requested","e2da14b8e4d0d38e93705bd9283d5c45","abc@speed.app","","","","1030","1030","0","abc@speed.app","auto_refund",""
"2026-05-07T20:31:18.123Z","auto_refund_failed","e2da14b8e4d0d38e93705bd9283d5c45","abc@speed.app","","","","1030","0","1030","abc@speed.app","auto_refund","Request failed with status code 400"
"2026-05-07T20:31:17.402Z","auto_refund_requested","e2da14b8e4d0d38e93705bd9283d5c45","abc@speed.app","","","","1030","1030","0","abc@speed.app","auto_refund",""
"2026-05-07T20:26:18.202Z","auto_refund_failed","e2da14b8e4d0d38e93705bd9283d5c45","abc@speed.app","","","","1030","0","1030","abc@speed.app","auto_refund","Request failed with status code 400"
"2026-05-07T20:26:17.398Z","auto_refund_requested","e2da14b8e4d0d38e93705bd9283d5c45","abc@speed.app","","","","1030","1030","0","abc@speed.app","auto_refund",""
"2026-05-07T20:21:18.139Z","auto_refund_failed","e2da14b8e4d0d38e93705bd9283d5c45","abc@speed.app","","","","1030","0","1030","abc@speed.app","auto_refund","Request failed with status code 400"
"2026-05-07T20:21:17.396Z","auto_refund_requested","e2da14b8e4d0d38e93705bd9283d5c45","abc@speed.app","","","","1030","1030","0","abc@speed.app","auto_refund",""
"2026-05-07T20:16:18.198Z","auto_refund_failed","e2da14b8e4d0d38e93705bd9283d5c45","abc@speed.app","","","","1030","0","1030","abc@speed.app","auto_refund","Request failed with status code 400"
"2026-05-07T20:16:17.393Z","auto_refund_requested","e2da14b8e4d0d38e93705bd9283d5c45","abc@speed.app","","","","1030","1030","0","abc@speed.app","auto_refund",""
"2026-05-07T20:11:18.184Z","auto_refund_failed","e2da14b8e4d0d38e93705bd9283d5c45","abc@speed.app","","","","1030","0","1030","abc@speed.app","auto_refund","Request failed with status code 400"
"2026-05-07T20:11:17.390Z","auto_refund_requested","e2da14b8e4d0d38e93705bd9283d5c45","abc@speed.app","","","","1030","1030","0","abc@speed.app","auto_refund",""
"2026-05-07T20:06:18.174Z","auto_refund_failed","e2da14b8e4d0d38e93705bd9283d5c45","abc@speed.app","","","","1030","0","1030","abc@speed.app","auto_refund","Request failed with status code 400"
"2026-05-07T20:06:17.387Z","auto_refund_requested","e2da14b8e4d0d38e93705bd9283d5c45","abc@speed.app","","","","1030","1030","0","abc@speed.app","auto_refund",""
"2026-05-07T20:01:18.285Z","auto_refund_failed","e2da14b8e4d0d38e93705bd9283d5c45","abc@speed.app","","","","1030","0","1030","abc@speed.app","auto_refund","Request failed with status code 400"
"2026-05-07T20:01:17.385Z","auto_refund_requested","e2da14b8e4d0d38e93705bd9283d5c45","abc@speed.app","","","","1030","1030","0","abc@speed.app","auto_refund",""
"2026-05-07T19:56:18.099Z","auto_refund_failed","e2da14b8e4d0d38e93705bd9283d5c45","abc@speed.app","","","","1030","0","1030","abc@speed.app","auto_refund","Request failed with status code 400"
"2026-05-07T19:56:17.382Z","auto_refund_requested","e2da14b8e4d0d38e93705bd9283d5c45","abc@speed.app","","","","1030","1030","0","abc@speed.app","auto_refund",""
"2026-05-07T19:51:18.327Z","auto_refund_failed","e2da14b8e4d0d38e93705bd9283d5c45","abc@speed.app","","","","1030","0","1030","abc@speed.app","auto_refund","Request failed with status code 400"
"2026-05-07T19:51:17.379Z","auto_refund_requested","e2da14b8e4d0d38e93705bd9283d5c45","abc@speed.app","","","","1030","1030","0","abc@speed.app","auto_refund",""
"2026-05-07T19:46:18.120Z","auto_refund_failed","e2da14b8e4d0d38e93705bd9283d5c45","abc@speed.app","","","","1030","0","1030","abc@speed.app","auto_refund","Request failed with status code 400"
"2026-05-07T19:46:17.372Z","auto_refund_requested","e2da14b8e4d0d38e93705bd9283d5c45","abc@speed.app","","","","1030","1030","0","abc@speed.app","auto_refund",""
"2026-05-07T19:41:18.114Z","auto_refund_failed","e2da14b8e4d0d38e93705bd9283d5c45","abc@speed.app","","","","1030","0","1030","abc@speed.app","auto_refund","Request failed with status code 400"
"2026-05-07T19:41:17.368Z","auto_refund_requested","e2da14b8e4d0d38e93705bd9283d5c45","abc@speed.app","","","","1030","1030","0","abc@speed.app","auto_refund",""
"2026-05-07T19:36:18.120Z","auto_refund_failed","e2da14b8e4d0d38e93705bd9283d5c45","abc@speed.app","","","","1030","0","1030","abc@speed.app","auto_refund","Request failed with status code 400"
"2026-05-07T19:36:17.366Z","auto_refund_requested","e2da14b8e4d0d38e93705bd9283d5c45","abc@speed.app","","","","1030","1030","0","abc@speed.app","auto_refund",""
"2026-05-07T19:31:18.132Z","auto_refund_failed","e2da14b8e4d0d38e93705bd9283d5c45","abc@speed.app","","","","1030","0","1030","abc@speed.app","auto_refund","Request failed with status code 400"
"2026-05-07T19:31:17.362Z","auto_refund_requested","e2da14b8e4d0d38e93705bd9283d5c45","abc@speed.app","","","","1030","1030","0","abc@speed.app","auto_refund",""
"2026-05-07T19:26:18.124Z","auto_refund_failed","e2da14b8e4d0d38e93705bd9283d5c45","abc@speed.app","","","","1030","0","1030","abc@speed.app","auto_refund","Request failed with status code 400"
"2026-05-07T19:26:17.361Z","auto_refund_requested","e2da14b8e4d0d38e93705bd9283d5c45","abc@speed.app","","","","1030","1030","0","abc@speed.app","auto_refund",""
"2026-05-07T19:21:18.178Z","auto_refund_failed","e2da14b8e4d0d38e93705bd9283d5c45","abc@speed.app","","","","1030","0","1030","abc@speed.app","auto_refund","Request failed with status code 400"
"2026-05-07T19:21:17.361Z","auto_refund_requested","e2da14b8e4d0d38e93705bd9283d5c45","abc@speed.app","","","","1030","1030","0","abc@speed.app","auto_refund",""
"2026-05-07T19:16:18.180Z","auto_refund_failed","e2da14b8e4d0d38e93705bd9283d5c45","abc@speed.app","","","","1030","0","1030","abc@speed.app","auto_refund","Request failed with status code 400"
"2026-05-07T19:16:17.360Z","auto_refund_requested","e2da14b8e4d0d38e93705bd9283d5c45","abc@speed.app","","","","1030","1030","0","abc@speed.app","auto_refund",""
"2026-05-07T19:11:18.136Z","auto_refund_failed","e2da14b8e4d0d38e93705bd9283d5c45","abc@speed.app","","","","1030","0","1030","abc@speed.app","auto_refund","Request failed with status code 400"
"2026-05-07T19:11:17.358Z","auto_refund_requested","e2da14b8e4d0d38e93705bd9283d5c45","abc@speed.app","","","","1030","1030","0","abc@speed.app","auto_refund",""
"2026-05-07T19:06:18.098Z","auto_refund_failed","e2da14b8e4d0d38e93705bd9283d5c45","abc@speed.app","","","","1030","0","1030","abc@speed.app","auto_refund","Request failed with status code 400"
"2026-05-07T19:06:17.355Z","auto_refund_requested","e2da14b8e4d0d38e93705bd9283d5c45","abc@speed.app","","","","1030","1030","0","abc@speed.app","auto_refund",""
"2026-05-07T19:01:18.211Z","auto_refund_failed","e2da14b8e4d0d38e93705bd9283d5c45","abc@speed.app","","","","1030","0","1030","abc@speed.app","auto_refund","Request failed with status code 400"
"2026-05-07T19:01:17.352Z","auto_refund_requested","e2da14b8e4d0d38e93705bd9283d5c45","abc@speed.app","","","","1030","1030","0","abc@speed.app","auto_refund",""
"2026-05-07T18:56:18.081Z","auto_refund_failed","e2da14b8e4d0d38e93705bd9283d5c45","abc@speed.app","","","","1030","0","1030","abc@speed.app","auto_refund","Request failed with status code 400"
"2026-05-07T18:56:17.349Z","auto_refund_requested","e2da14b8e4d0d38e93705bd9283d5c45","abc@speed.app","","","","1030","1030","0","abc@speed.app","auto_refund",""
"2026-05-07T18:53:18.504Z","auto_refund_sent","6ea5fa79e4c6574e70e8ac083b9190d0","paddy@speed.app","","","","740","740","0","paddy@speed.app","auto_refund",""
"2026-05-07T18:53:17.348Z","auto_refund_requested","6ea5fa79e4c6574e70e8ac083b9190d0","paddy@speed.app","","","","740","740","0","paddy@speed.app","auto_refund",""
"2026-05-07T18:51:18.152Z","auto_refund_failed","e2da14b8e4d0d38e93705bd9283d5c45","abc@speed.app","","","","1030","0","1030","abc@speed.app","auto_refund","Request failed with status code 400"
"2026-05-07T18:51:17.347Z","auto_refund_requested","e2da14b8e4d0d38e93705bd9283d5c45","abc@speed.app","","","","1030","1030","0","abc@speed.app","auto_refund",""
"2026-05-07T18:46:18.198Z","auto_refund_failed","e2da14b8e4d0d38e93705bd9283d5c45","abc@speed.app","","","","1030","0","1030","abc@speed.app","auto_refund","Request failed with status code 400"
"2026-05-07T18:46:17.344Z","auto_refund_requested","e2da14b8e4d0d38e93705bd9283d5c45","abc@speed.app","","","","1030","1030","0","abc@speed.app","auto_refund",""
"2026-05-07T18:41:18.135Z","auto_refund_failed","e2da14b8e4d0d38e93705bd9283d5c45","abc@speed.app","","","","1030","0","1030","abc@speed.app","auto_refund","Request failed with status code 400"
"2026-05-07T18:41:17.343Z","auto_refund_requested","e2da14b8e4d0d38e93705bd9283d5c45","abc@speed.app","","","","1030","1030","0","abc@speed.app","auto_refund",""
"2026-05-07T18:35:18.074Z","auto_refund_failed","e2da14b8e4d0d38e93705bd9283d5c45","abc@speed.app","","","","1030","0","1030","abc@speed.app","auto_refund","Request failed with status code 400"
"2026-05-07T18:35:17.343Z","auto_refund_requested","e2da14b8e4d0d38e93705bd9283d5c45","abc@speed.app","","","","1030","1030","0","abc@speed.app","auto_refund",""
"2026-05-07T18:30:18.142Z","auto_refund_failed","e2da14b8e4d0d38e93705bd9283d5c45","abc@speed.app","","","","1030","0","1030","abc@speed.app","auto_refund","Request failed with status code 400"
"2026-05-07T18:30:17.340Z","auto_refund_requested","e2da14b8e4d0d38e93705bd9283d5c45","abc@speed.app","","","","1030","1030","0","abc@speed.app","auto_refund",""
"2026-05-07T18:25:18.362Z","auto_refund_failed","e2da14b8e4d0d38e93705bd9283d5c45","abc@speed.app","","","","1030","0","1030","abc@speed.app","auto_refund","Request failed with status code 400"
"2026-05-07T18:25:17.337Z","auto_refund_requested","e2da14b8e4d0d38e93705bd9283d5c45","abc@speed.app","","","","1030","1030","0","abc@speed.app","auto_refund",""
"2026-05-07T18:23:14.516Z","spin_payout","6ea5fa79e4c6574e70e8ac083b9190d0","paddy@speed.app","","1000","0","","740","740","wallet","",""
"2026-05-07T18:23:14.515Z","spin_bet","6ea5fa79e4c6574e70e8ac083b9190d0","paddy@speed.app","","1000","","","1740","740","","",""
"2026-05-07T18:22:56.948Z","spin_bet","6ea5fa79e4c6574e70e8ac083b9190d0","paddy@speed.app","","500","","","1840","1340","","",""
"2026-05-07T18:22:56.948Z","spin_payout","6ea5fa79e4c6574e70e8ac083b9190d0","paddy@speed.app","","500","400","","1340","1740","wallet","",""
"2026-05-07T18:22:45.056Z","spin_payout","6ea5fa79e4c6574e70e8ac083b9190d0","paddy@speed.app","","1000","1500","","340","1840","wallet","",""
"2026-05-07T18:22:45.055Z","spin_bet","6ea5fa79e4c6574e70e8ac083b9190d0","paddy@speed.app","","1000","","","1340","340","","",""
"2026-05-07T18:22:33.611Z","spin_payout","6ea5fa79e4c6574e70e8ac083b9190d0","paddy@speed.app","","1000","300","","1040","1340","wallet","",""
"2026-05-07T18:22:33.610Z","spin_bet","6ea5fa79e4c6574e70e8ac083b9190d0","paddy@speed.app","","1000","","","2040","1040","","",""
"2026-05-07T18:22:29.987Z","topup_credited","6ea5fa79e4c6574e70e8ac083b9190d0","paddy@speed.app","pi_movtcsmdT3DZNYC9","","","1000","1040","2040","","",""
"2026-05-07T18:22:18.449Z","topup_credited","6ea5fa79e4c6574e70e8ac083b9190d0","paddy@speed.app","pi_movtcj9ikVsDUrOo","","","1000","40","1040","","",""
"2026-05-07T18:20:18.108Z","auto_refund_failed","e2da14b8e4d0d38e93705bd9283d5c45","abc@speed.app","","","","1030","0","1030","abc@speed.app","auto_refund","Request failed with status code 400"
"2026-05-07T18:20:17.335Z","auto_refund_requested","e2da14b8e4d0d38e93705bd9283d5c45","abc@speed.app","","","","1030","1030","0","abc@speed.app","auto_refund",""
"2026-05-07T18:19:25.304Z","spin_payout","6ea5fa79e4c6574e70e8ac083b9190d0","paddy@speed.app","","500","0","","40","40","wallet","",""
"2026-05-07T18:19:25.303Z","spin_bet","6ea5fa79e4c6574e70e8ac083b9190d0","paddy@speed.app","","500","","","540","40","","",""
"2026-05-07T18:19:14.663Z","spin_payout","6ea5fa79e4c6574e70e8ac083b9190d0","paddy@speed.app","","500","400","","140","540","wallet","",""
"2026-05-07T18:19:14.662Z","spin_bet","6ea5fa79e4c6574e70e8ac083b9190d0","paddy@speed.app","","500","","","640","140","","",""
"2026-05-07T18:19:02.579Z","spin_payout","6ea5fa79e4c6574e70e8ac083b9190d0","paddy@speed.app","","500","200","","440","640","wallet","",""
"2026-05-07T18:19:02.578Z","spin_bet","6ea5fa79e4c6574e70e8ac083b9190d0","paddy@speed.app","","500","","","940","440","","",""
"2026-05-07T18:18:50.059Z","spin_payout","6ea5fa79e4c6574e70e8ac083b9190d0","paddy@speed.app","","100","120","","820","940","wallet","",""
"2026-05-07T18:18:50.058Z","spin_bet","6ea5fa79e4c6574e70e8ac083b9190d0","paddy@speed.app","","100","","","920","820","","",""
"2026-05-07T18:18:37.420Z","spin_bet","6ea5fa79e4c6574e70e8ac083b9190d0","paddy@speed.app","","500","","","1020","520","","",""
"2026-05-07T18:18:37.420Z","spin_payout","6ea5fa79e4c6574e70e8ac083b9190d0","paddy@speed.app","","500","400","","520","920","wallet","",""
"2026-05-07T18:18:23.348Z","spin_payout","6ea5fa79e4c6574e70e8ac083b9190d0","paddy@speed.app","","100","120","","900","1020","wallet","",""
"2026-05-07T18:18:23.347Z","spin_bet","6ea5fa79e4c6574e70e8ac083b9190d0","paddy@speed.app","","100","","","1000","900","","",""
"2026-05-07T18:18:14.146Z","topup_credited","6ea5fa79e4c6574e70e8ac083b9190d0","paddy@speed.app","pi_movt78v01PY4xFlI","","","1000","0","1000","","",""
"2026-05-07T18:15:18.139Z","auto_refund_failed","e2da14b8e4d0d38e93705bd9283d5c45","abc@speed.app","","","","1030","0","1030","abc@speed.app","auto_refund","Request failed with status code 400"
"2026-05-07T18:15:17.333Z","auto_refund_requested","e2da14b8e4d0d38e93705bd9283d5c45","abc@speed.app","","","","1030","1030","0","abc@speed.app","auto_refund",""
"2026-05-07T18:10:18.130Z","auto_refund_failed","e2da14b8e4d0d38e93705bd9283d5c45","abc@speed.app","","","","1030","0","1030","abc@speed.app","auto_refund","Request failed with status code 400"
"2026-05-07T18:10:17.332Z","auto_refund_requested","e2da14b8e4d0d38e93705bd9283d5c45","abc@speed.app","","","","1030","1030","0","abc@speed.app","auto_refund",""
"2026-05-07T18:05:18.090Z","auto_refund_failed","e2da14b8e4d0d38e93705bd9283d5c45","abc@speed.app","","","","1030","0","1030","abc@speed.app","auto_refund","Request failed with status code 400"
"2026-05-07T18:05:17.329Z","auto_refund_requested","e2da14b8e4d0d38e93705bd9283d5c45","abc@speed.app","","","","1030","1030","0","abc@speed.app","auto_refund",""
"2026-05-07T18:00:18.132Z","auto_refund_failed","e2da14b8e4d0d38e93705bd9283d5c45","abc@speed.app","","","","1030","0","1030","abc@speed.app","auto_refund","Request failed with status code 400"
"2026-05-07T18:00:17.328Z","auto_refund_requested","e2da14b8e4d0d38e93705bd9283d5c45","abc@speed.app","","","","1030","1030","0","abc@speed.app","auto_refund",""
"2026-05-07T17:55:18.081Z","auto_refund_failed","e2da14b8e4d0d38e93705bd9283d5c45","abc@speed.app","","","","1030","0","1030","abc@speed.app","auto_refund","Request failed with status code 400"
"2026-05-07T17:55:17.324Z","auto_refund_requested","e2da14b8e4d0d38e93705bd9283d5c45","abc@speed.app","","","","1030","1030","0","abc@speed.app","auto_refund",""
"2026-05-07T17:50:18.440Z","auto_refund_failed","e2da14b8e4d0d38e93705bd9283d5c45","abc@speed.app","","","","1030","0","1030","abc@speed.app","auto_refund","Request failed with status code 400"
"2026-05-07T17:50:17.324Z","auto_refund_requested","e2da14b8e4d0d38e93705bd9283d5c45","abc@speed.app","","","","1030","1030","0","abc@speed.app","auto_refund",""
"2026-05-07T17:45:18.094Z","auto_refund_failed","e2da14b8e4d0d38e93705bd9283d5c45","abc@speed.app","","","","1030","0","1030","abc@speed.app","auto_refund","Request failed with status code 400"
"2026-05-07T17:45:17.320Z","auto_refund_requested","e2da14b8e4d0d38e93705bd9283d5c45","abc@speed.app","","","","1030","1030","0","abc@speed.app","auto_refund",""
"2026-05-07T17:40:18.156Z","auto_refund_failed","e2da14b8e4d0d38e93705bd9283d5c45","abc@speed.app","","","","1030","0","1030","abc@speed.app","auto_refund","Request failed with status code 400"
"2026-05-07T17:40:17.318Z","auto_refund_requested","e2da14b8e4d0d38e93705bd9283d5c45","abc@speed.app","","","","1030","1030","0","abc@speed.app","auto_refund",""
"2026-05-07T17:35:18.100Z","auto_refund_failed","e2da14b8e4d0d38e93705bd9283d5c45","abc@speed.app","","","","1030","0","1030","abc@speed.app","auto_refund","Request failed with status code 400"
"2026-05-07T17:35:17.316Z","auto_refund_requested","e2da14b8e4d0d38e93705bd9283d5c45","abc@speed.app","","","","1030","1030","0","abc@speed.app","auto_refund",""
"2026-05-07T17:30:18.094Z","auto_refund_failed","e2da14b8e4d0d38e93705bd9283d5c45","abc@speed.app","","","","1030","0","1030","abc@speed.app","auto_refund","Request failed with status code 400"
"2026-05-07T17:30:17.314Z","auto_refund_requested","e2da14b8e4d0d38e93705bd9283d5c45","abc@speed.app","","","","1030","1030","0","abc@speed.app","auto_refund",""
"2026-05-07T17:25:18.311Z","auto_refund_failed","e2da14b8e4d0d38e93705bd9283d5c45","abc@speed.app","","","","1030","0","1030","abc@speed.app","auto_refund","Request failed with status code 400"
"2026-05-07T17:25:17.314Z","auto_refund_requested","e2da14b8e4d0d38e93705bd9283d5c45","abc@speed.app","","","","1030","1030","0","abc@speed.app","auto_refund",""
"2026-05-07T17:20:18.045Z","auto_refund_failed","e2da14b8e4d0d38e93705bd9283d5c45","abc@speed.app","","","","1030","0","1030","abc@speed.app","auto_refund","Request failed with status code 400"
"2026-05-07T17:20:17.312Z","auto_refund_requested","e2da14b8e4d0d38e93705bd9283d5c45","abc@speed.app","","","","1030","1030","0","abc@speed.app","auto_refund",""
"2026-05-07T17:15:18.091Z","auto_refund_failed","e2da14b8e4d0d38e93705bd9283d5c45","abc@speed.app","","","","1030","0","1030","abc@speed.app","auto_refund","Request failed with status code 400"
"2026-05-07T17:15:17.311Z","auto_refund_requested","e2da14b8e4d0d38e93705bd9283d5c45","abc@speed.app","","","","1030","1030","0","abc@speed.app","auto_refund",""
"2026-05-07T17:10:18.107Z","auto_refund_failed","e2da14b8e4d0d38e93705bd9283d5c45","abc@speed.app","","","","1030","0","1030","abc@speed.app","auto_refund","Request failed with status code 400"
"2026-05-07T17:10:17.310Z","auto_refund_requested","e2da14b8e4d0d38e93705bd9283d5c45","abc@speed.app","","","","1030","1030","0","abc@speed.app","auto_refund",""
"2026-05-07T17:05:18.077Z","auto_refund_failed","e2da14b8e4d0d38e93705bd9283d5c45","abc@speed.app","","","","1030","0","1030","abc@speed.app","auto_refund","Request failed with status code 400"
"2026-05-07T17:05:17.309Z","auto_refund_requested","e2da14b8e4d0d38e93705bd9283d5c45","abc@speed.app","","","","1030","1030","0","abc@speed.app","auto_refund",""
"2026-05-07T17:00:18.082Z","auto_refund_failed","e2da14b8e4d0d38e93705bd9283d5c45","abc@speed.app","","","","1030","0","1030","abc@speed.app","auto_refund","Request failed with status code 400"
"2026-05-07T17:00:17.308Z","auto_refund_requested","e2da14b8e4d0d38e93705bd9283d5c45","abc@speed.app","","","","1030","1030","0","abc@speed.app","auto_refund",""
"2026-05-07T16:55:18.196Z","auto_refund_failed","e2da14b8e4d0d38e93705bd9283d5c45","abc@speed.app","","","","1030","0","1030","abc@speed.app","auto_refund","Request failed with status code 400"
"2026-05-07T16:55:17.307Z","auto_refund_requested","e2da14b8e4d0d38e93705bd9283d5c45","abc@speed.app","","","","1030","1030","0","abc@speed.app","auto_refund",""
"2026-05-07T16:50:18.084Z","auto_refund_failed","e2da14b8e4d0d38e93705bd9283d5c45","abc@speed.app","","","","1030","0","1030","abc@speed.app","auto_refund","Request failed with status code 400"
"2026-05-07T16:50:17.305Z","auto_refund_requested","e2da14b8e4d0d38e93705bd9283d5c45","abc@speed.app","","","","1030","1030","0","abc@speed.app","auto_refund",""
"2026-05-07T16:44:18.041Z","auto_refund_failed","e2da14b8e4d0d38e93705bd9283d5c45","abc@speed.app","","","","1030","0","1030","abc@speed.app","auto_refund","Request failed with status code 400"
"2026-05-07T16:44:17.306Z","auto_refund_requested","e2da14b8e4d0d38e93705bd9283d5c45","abc@speed.app","","","","1030","1030","0","abc@speed.app","auto_refund",""
"2026-05-07T16:39:18.133Z","auto_refund_failed","e2da14b8e4d0d38e93705bd9283d5c45","abc@speed.app","","","","1030","0","1030","abc@speed.app","auto_refund","Request failed with status code 400"
"2026-05-07T16:39:17.301Z","auto_refund_requested","e2da14b8e4d0d38e93705bd9283d5c45","abc@speed.app","","","","1030","1030","0","abc@speed.app","auto_refund",""
"2026-05-07T16:34:18.258Z","auto_refund_failed","e2da14b8e4d0d38e93705bd9283d5c45","abc@speed.app","","","","1030","0","1030","abc@speed.app","auto_refund","Request failed with status code 400"
"2026-05-07T16:34:17.300Z","auto_refund_requested","e2da14b8e4d0d38e93705bd9283d5c45","abc@speed.app","","","","1030","1030","0","abc@speed.app","auto_refund",""
"2026-05-07T16:29:17.990Z","auto_refund_failed","e2da14b8e4d0d38e93705bd9283d5c45","abc@speed.app","","","","1030","0","1030","abc@speed.app","auto_refund","Request failed with status code 400"
"2026-05-07T16:29:17.298Z","auto_refund_requested","e2da14b8e4d0d38e93705bd9283d5c45","abc@speed.app","","","","1030","1030","0","abc@speed.app","auto_refund",""
"2026-05-07T16:24:18.021Z","auto_refund_failed","e2da14b8e4d0d38e93705bd9283d5c45","abc@speed.app","","","","1030","0","1030","abc@speed.app","auto_refund","Request failed with status code 400"
"2026-05-07T16:24:17.296Z","auto_refund_requested","e2da14b8e4d0d38e93705bd9283d5c45","abc@speed.app","","","","1030","1030","0","abc@speed.app","auto_refund",""
"2026-05-07T16:19:18.091Z","auto_refund_failed","e2da14b8e4d0d38e93705bd9283d5c45","abc@speed.app","","","","1030","0","1030","abc@speed.app","auto_refund","Request failed with status code 400"
"2026-05-07T16:19:17.296Z","auto_refund_requested","e2da14b8e4d0d38e93705bd9283d5c45","abc@speed.app","","","","1030","1030","0","abc@speed.app","auto_refund",""
"2026-05-07T16:14:18.036Z","auto_refund_failed","e2da14b8e4d0d38e93705bd9283d5c45","abc@speed.app","","","","1030","0","1030","abc@speed.app","auto_refund","Request failed with status code 400"
"2026-05-07T16:14:17.293Z","auto_refund_requested","e2da14b8e4d0d38e93705bd9283d5c45","abc@speed.app","","","","1030","1030","0","abc@speed.app","auto_refund",""
"2026-05-07T16:09:18.133Z","auto_refund_failed","e2da14b8e4d0d38e93705bd9283d5c45","abc@speed.app","","","","1030","0","1030","abc@speed.app","auto_refund","Request failed with status code 400"
"2026-05-07T16:09:17.292Z","auto_refund_requested","e2da14b8e4d0d38e93705bd9283d5c45","abc@speed.app","","","","1030","1030","0","abc@speed.app","auto_refund",""
"2026-05-07T16:04:18.088Z","auto_refund_failed","e2da14b8e4d0d38e93705bd9283d5c45","abc@speed.app","","","","1030","0","1030","abc@speed.app","auto_refund","Request failed with status code 400"
"2026-05-07T16:04:17.292Z","auto_refund_requested","e2da14b8e4d0d38e93705bd9283d5c45","abc@speed.app","","","","1030","1030","0","abc@speed.app","auto_refund",""
"2026-05-07T15:59:18.028Z","auto_refund_failed","e2da14b8e4d0d38e93705bd9283d5c45","abc@speed.app","","","","1030","0","1030","abc@speed.app","auto_refund","Request failed with status code 400"
"2026-05-07T15:59:17.290Z","auto_refund_requested","e2da14b8e4d0d38e93705bd9283d5c45","abc@speed.app","","","","1030","1030","0","abc@speed.app","auto_refund",""
"2026-05-07T15:54:18.041Z","auto_refund_failed","e2da14b8e4d0d38e93705bd9283d5c45","abc@speed.app","","","","1030","0","1030","abc@speed.app","auto_refund","Request failed with status code 400"
"2026-05-07T15:54:17.289Z","auto_refund_requested","e2da14b8e4d0d38e93705bd9283d5c45","abc@speed.app","","","","1030","1030","0","abc@speed.app","auto_refund",""
"2026-05-07T15:49:18.082Z","auto_refund_failed","e2da14b8e4d0d38e93705bd9283d5c45","abc@speed.app","","","","1030","0","1030","abc@speed.app","auto_refund","Request failed with status code 400"
"2026-05-07T15:49:17.287Z","auto_refund_requested","e2da14b8e4d0d38e93705bd9283d5c45","abc@speed.app","","","","1030","1030","0","abc@speed.app","auto_refund",""
"2026-05-07T15:44:18.033Z","auto_refund_failed","e2da14b8e4d0d38e93705bd9283d5c45","abc@speed.app","","","","1030","0","1030","abc@speed.app","auto_refund","Request failed with status code 400"
"2026-05-07T15:44:17.284Z","auto_refund_requested","e2da14b8e4d0d38e93705bd9283d5c45","abc@speed.app","","","","1030","1030","0","abc@speed.app","auto_refund",""
"2026-05-07T15:39:18.024Z","auto_refund_failed","e2da14b8e4d0d38e93705bd9283d5c45","abc@speed.app","","","","1030","0","1030","abc@speed.app","auto_refund","Request failed with status code 400"
"2026-05-07T15:39:17.283Z","auto_refund_requested","e2da14b8e4d0d38e93705bd9283d5c45","abc@speed.app","","","","1030","1030","0","abc@speed.app","auto_refund",""
"2026-05-07T15:34:18.023Z","auto_refund_failed","e2da14b8e4d0d38e93705bd9283d5c45","abc@speed.app","","","","1030","0","1030","abc@speed.app","auto_refund","Request failed with status code 400"
"2026-05-07T15:34:17.282Z","auto_refund_requested","e2da14b8e4d0d38e93705bd9283d5c45","abc@speed.app","","","","1030","1030","0","abc@speed.app","auto_refund",""
"2026-05-07T15:29:18.253Z","auto_refund_failed","e2da14b8e4d0d38e93705bd9283d5c45","abc@speed.app","","","","1030","0","1030","abc@speed.app","auto_refund","Request failed with status code 400"
"2026-05-07T15:29:17.281Z","auto_refund_requested","e2da14b8e4d0d38e93705bd9283d5c45","abc@speed.app","","","","1030","1030","0","abc@speed.app","auto_refund",""
"2026-05-07T15:24:18.031Z","auto_refund_failed","e2da14b8e4d0d38e93705bd9283d5c45","abc@speed.app","","","","1030","0","1030","abc@speed.app","auto_refund","Request failed with status code 400"
"2026-05-07T15:24:17.279Z","auto_refund_requested","e2da14b8e4d0d38e93705bd9283d5c45","abc@speed.app","","","","1030","1030","0","abc@speed.app","auto_refund",""
"2026-05-07T15:19:18.052Z","auto_refund_failed","e2da14b8e4d0d38e93705bd9283d5c45","abc@speed.app","","","","1030","0","1030","abc@speed.app","auto_refund","Request failed with status code 400"
"2026-05-07T15:19:17.279Z","auto_refund_requested","e2da14b8e4d0d38e93705bd9283d5c45","abc@speed.app","","","","1030","1030","0","abc@speed.app","auto_refund",""
"2026-05-07T15:14:18.091Z","auto_refund_failed","e2da14b8e4d0d38e93705bd9283d5c45","abc@speed.app","","","","1030","0","1030","abc@speed.app","auto_refund","Request failed with status code 400"
"2026-05-07T15:14:17.278Z","auto_refund_requested","e2da14b8e4d0d38e93705bd9283d5c45","abc@speed.app","","","","1030","1030","0","abc@speed.app","auto_refund",""
"2026-05-07T15:09:18.010Z","auto_refund_failed","e2da14b8e4d0d38e93705bd9283d5c45","abc@speed.app","","","","1030","0","1030","abc@speed.app","auto_refund","Request failed with status code 400"
"2026-05-07T15:09:17.277Z","auto_refund_requested","e2da14b8e4d0d38e93705bd9283d5c45","abc@speed.app","","","","1030","1030","0","abc@speed.app","auto_refund",""
"2026-05-07T15:04:18.012Z","auto_refund_failed","e2da14b8e4d0d38e93705bd9283d5c45","abc@speed.app","","","","1030","0","1030","abc@speed.app","auto_refund","Request failed with status code 400"
"2026-05-07T15:04:17.278Z","auto_refund_requested","e2da14b8e4d0d38e93705bd9283d5c45","abc@speed.app","","","","1030","1030","0","abc@speed.app","auto_refund",""
"2026-05-07T14:59:18.013Z","auto_refund_failed","e2da14b8e4d0d38e93705bd9283d5c45","abc@speed.app","","","","1030","0","1030","abc@speed.app","auto_refund","Request failed with status code 400"
"2026-05-07T14:59:17.273Z","auto_refund_requested","e2da14b8e4d0d38e93705bd9283d5c45","abc@speed.app","","","","1030","1030","0","abc@speed.app","auto_refund",""
"2026-05-07T14:54:18.169Z","auto_refund_failed","e2da14b8e4d0d38e93705bd9283d5c45","abc@speed.app","","","","1030","0","1030","abc@speed.app","auto_refund","Request failed with status code 400"
"2026-05-07T14:54:17.273Z","auto_refund_requested","e2da14b8e4d0d38e93705bd9283d5c45","abc@speed.app","","","","1030","1030","0","abc@speed.app","auto_refund",""
"2026-05-07T14:49:18.056Z","auto_refund_failed","e2da14b8e4d0d38e93705bd9283d5c45","abc@speed.app","","","","1030","0","1030","abc@speed.app","auto_refund","Request failed with status code 400"
"2026-05-07T14:49:17.269Z","auto_refund_requested","e2da14b8e4d0d38e93705bd9283d5c45","abc@speed.app","","","","1030","1030","0","abc@speed.app","auto_refund",""
"2026-05-07T14:44:18.008Z","auto_refund_failed","e2da14b8e4d0d38e93705bd9283d5c45","abc@speed.app","","","","1030","0","1030","abc@speed.app","auto_refund","Request failed with status code 400"
"2026-05-07T14:44:17.268Z","auto_refund_requested","e2da14b8e4d0d38e93705bd9283d5c45","abc@speed.app","","","","1030","1030","0","abc@speed.app","auto_refund",""
"2026-05-07T14:39:18.081Z","auto_refund_failed","e2da14b8e4d0d38e93705bd9283d5c45","abc@speed.app","","","","1030","0","1030","abc@speed.app","auto_refund","Request failed with status code 400"
"2026-05-07T14:39:17.267Z","auto_refund_requested","e2da14b8e4d0d38e93705bd9283d5c45","abc@speed.app","","","","1030","1030","0","abc@speed.app","auto_refund",""
"2026-05-07T14:34:18.155Z","auto_refund_failed","e2da14b8e4d0d38e93705bd9283d5c45","abc@speed.app","","","","1030","0","1030","abc@speed.app","auto_refund","Request failed with status code 400"
"2026-05-07T14:34:17.265Z","auto_refund_requested","e2da14b8e4d0d38e93705bd9283d5c45","abc@speed.app","","","","1030","1030","0","abc@speed.app","auto_refund",""
"2026-05-07T14:29:18.292Z","auto_refund_failed","e2da14b8e4d0d38e93705bd9283d5c45","abc@speed.app","","","","1030","0","1030","abc@speed.app","auto_refund","Request failed with status code 400"
"2026-05-07T14:29:17.265Z","auto_refund_requested","e2da14b8e4d0d38e93705bd9283d5c45","abc@speed.app","","","","1030","1030","0","abc@speed.app","auto_refund",""
"2026-05-07T14:24:18.100Z","auto_refund_failed","e2da14b8e4d0d38e93705bd9283d5c45","abc@speed.app","","","","1030","0","1030","abc@speed.app","auto_refund","Request failed with status code 400"
"2026-05-07T14:24:17.265Z","auto_refund_requested","e2da14b8e4d0d38e93705bd9283d5c45","abc@speed.app","","","","1030","1030","0","abc@speed.app","auto_refund",""
"2026-05-07T14:19:18.213Z","auto_refund_failed","e2da14b8e4d0d38e93705bd9283d5c45","abc@speed.app","","","","1030","0","1030","abc@speed.app","auto_refund","Request failed with status code 400"
"2026-05-07T14:19:17.262Z","auto_refund_requested","e2da14b8e4d0d38e93705bd9283d5c45","abc@speed.app","","","","1030","1030","0","abc@speed.app","auto_refund",""
"2026-05-07T14:14:18.353Z","auto_refund_failed","e2da14b8e4d0d38e93705bd9283d5c45","abc@speed.app","","","","1030","0","1030","abc@speed.app","auto_refund","Request failed with status code 400"
"2026-05-07T14:14:17.260Z","auto_refund_requested","e2da14b8e4d0d38e93705bd9283d5c45","abc@speed.app","","","","1030","1030","0","abc@speed.app","auto_refund",""
"2026-05-07T14:09:17.988Z","auto_refund_failed","e2da14b8e4d0d38e93705bd9283d5c45","abc@speed.app","","","","1030","0","1030","abc@speed.app","auto_refund","Request failed with status code 400"
"2026-05-07T14:09:17.258Z","auto_refund_requested","e2da14b8e4d0d38e93705bd9283d5c45","abc@speed.app","","","","1030","1030","0","abc@speed.app","auto_refund",""
"2026-05-07T14:04:18.268Z","auto_refund_failed","e2da14b8e4d0d38e93705bd9283d5c45","abc@speed.app","","","","1030","0","1030","abc@speed.app","auto_refund","Request failed with status code 400"
"2026-05-07T14:04:17.254Z","auto_refund_requested","e2da14b8e4d0d38e93705bd9283d5c45","abc@speed.app","","","","1030","1030","0","abc@speed.app","auto_refund",""
"2026-05-07T13:59:18.162Z","auto_refund_failed","e2da14b8e4d0d38e93705bd9283d5c45","abc@speed.app","","","","1030","0","1030","abc@speed.app","auto_refund","Request failed with status code 400"
"2026-05-07T13:59:17.246Z","auto_refund_requested","e2da14b8e4d0d38e93705bd9283d5c45","abc@speed.app","","","","1030","1030","0","abc@speed.app","auto_refund",""
"2026-05-07T13:54:18.127Z","auto_refund_failed","e2da14b8e4d0d38e93705bd9283d5c45","abc@speed.app","","","","1030","0","1030","abc@speed.app","auto_refund","Request failed with status code 400"
"2026-05-07T13:54:17.245Z","auto_refund_requested","e2da14b8e4d0d38e93705bd9283d5c45","abc@speed.app","","","","1030","1030","0","abc@speed.app","auto_refund",""
"2026-05-07T13:49:17.941Z","auto_refund_failed","e2da14b8e4d0d38e93705bd9283d5c45","abc@speed.app","","","","1030","0","1030","abc@speed.app","auto_refund","Request failed with status code 400"
"2026-05-07T13:49:17.244Z","auto_refund_requested","e2da14b8e4d0d38e93705bd9283d5c45","abc@speed.app","","","","1030","1030","0","abc@speed.app","auto_refund",""
"2026-05-07T13:44:18.066Z","auto_refund_failed","e2da14b8e4d0d38e93705bd9283d5c45","abc@speed.app","","","","1030","0","1030","abc@speed.app","auto_refund","Request failed with status code 400"
"2026-05-07T13:44:17.242Z","auto_refund_requested","e2da14b8e4d0d38e93705bd9283d5c45","abc@speed.app","","","","1030","1030","0","abc@speed.app","auto_refund",""
"2026-05-07T13:39:18.105Z","auto_refund_failed","e2da14b8e4d0d38e93705bd9283d5c45","abc@speed.app","","","","1030","0","1030","abc@speed.app","auto_refund","Request failed with status code 400"
"2026-05-07T13:39:17.242Z","auto_refund_requested","e2da14b8e4d0d38e93705bd9283d5c45","abc@speed.app","","","","1030","1030","0","abc@speed.app","auto_refund",""
"2026-05-07T13:34:18.279Z","auto_refund_failed","e2da14b8e4d0d38e93705bd9283d5c45","abc@speed.app","","","","1030","0","1030","abc@speed.app","auto_refund","Request failed with status code 400"
"2026-05-07T13:34:17.238Z","auto_refund_requested","e2da14b8e4d0d38e93705bd9283d5c45","abc@speed.app","","","","1030","1030","0","abc@speed.app","auto_refund",""
"2026-05-07T13:29:18.007Z","auto_refund_failed","e2da14b8e4d0d38e93705bd9283d5c45","abc@speed.app","","","","1030","0","1030","abc@speed.app","auto_refund","Request failed with status code 400"
"2026-05-07T13:29:17.238Z","auto_refund_requested","e2da14b8e4d0d38e93705bd9283d5c45","abc@speed.app","","","","1030","1030","0","abc@speed.app","auto_refund",""
"2026-05-07T13:24:18.137Z","auto_refund_failed","e2da14b8e4d0d38e93705bd9283d5c45","abc@speed.app","","","","1030","0","1030","abc@speed.app","auto_refund","Request failed with status code 400"
"2026-05-07T13:24:17.235Z","auto_refund_requested","e2da14b8e4d0d38e93705bd9283d5c45","abc@speed.app","","","","1030","1030","0","abc@speed.app","auto_refund",""
"2026-05-07T13:19:18.124Z","auto_refund_failed","e2da14b8e4d0d38e93705bd9283d5c45","abc@speed.app","","","","1030","0","1030","abc@speed.app","auto_refund","Request failed with status code 400"
"2026-05-07T13:19:17.231Z","auto_refund_requested","e2da14b8e4d0d38e93705bd9283d5c45","abc@speed.app","","","","1030","1030","0","abc@speed.app","auto_refund",""
"2026-05-07T13:14:18.011Z","auto_refund_failed","e2da14b8e4d0d38e93705bd9283d5c45","abc@speed.app","","","","1030","0","1030","abc@speed.app","auto_refund","Request failed with status code 400"
"2026-05-07T13:14:17.230Z","auto_refund_requested","e2da14b8e4d0d38e93705bd9283d5c45","abc@speed.app","","","","1030","1030","0","abc@speed.app","auto_refund",""
"2026-05-07T13:09:18.081Z","auto_refund_failed","e2da14b8e4d0d38e93705bd9283d5c45","abc@speed.app","","","","1030","0","1030","abc@speed.app","auto_refund","Request failed with status code 400"
"2026-05-07T13:09:17.226Z","auto_refund_requested","e2da14b8e4d0d38e93705bd9283d5c45","abc@speed.app","","","","1030","1030","0","abc@speed.app","auto_refund",""
"2026-05-07T13:04:18.099Z","auto_refund_failed","e2da14b8e4d0d38e93705bd9283d5c45","abc@speed.app","","","","1030","0","1030","abc@speed.app","auto_refund","Request failed with status code 400"
"2026-05-07T13:04:17.224Z","auto_refund_requested","e2da14b8e4d0d38e93705bd9283d5c45","abc@speed.app","","","","1030","1030","0","abc@speed.app","auto_refund",""
"2026-05-07T12:59:18.147Z","auto_refund_failed","e2da14b8e4d0d38e93705bd9283d5c45","abc@speed.app","","","","1030","0","1030","abc@speed.app","auto_refund","Request failed with status code 400"
"2026-05-07T12:59:17.223Z","auto_refund_requested","e2da14b8e4d0d38e93705bd9283d5c45","abc@speed.app","","","","1030","1030","0","abc@speed.app","auto_refund",""
"2026-05-07T12:53:17.985Z","auto_refund_failed","e2da14b8e4d0d38e93705bd9283d5c45","abc@speed.app","","","","1030","0","1030","abc@speed.app","auto_refund","Request failed with status code 400"
"2026-05-07T12:53:17.224Z","auto_refund_requested","e2da14b8e4d0d38e93705bd9283d5c45","abc@speed.app","","","","1030","1030","0","abc@speed.app","auto_refund",""
"2026-05-07T12:48:17.964Z","auto_refund_failed","e2da14b8e4d0d38e93705bd9283d5c45","abc@speed.app","","","","1030","0","1030","abc@speed.app","auto_refund","Request failed with status code 400"
"2026-05-07T12:48:17.224Z","auto_refund_requested","e2da14b8e4d0d38e93705bd9283d5c45","abc@speed.app","","","","1030","1030","0","abc@speed.app","auto_refund",""
"2026-05-07T12:43:18.070Z","auto_refund_failed","e2da14b8e4d0d38e93705bd9283d5c45","abc@speed.app","","","","1030","0","1030","abc@speed.app","auto_refund","Request failed with status code 400"
"2026-05-07T12:43:17.222Z","auto_refund_requested","e2da14b8e4d0d38e93705bd9283d5c45","abc@speed.app","","","","1030","1030","0","abc@speed.app","auto_refund",""
"2026-05-07T12:38:18.095Z","auto_refund_failed","e2da14b8e4d0d38e93705bd9283d5c45","abc@speed.app","","","","1030","0","1030","abc@speed.app","auto_refund","Request failed with status code 400"
"2026-05-07T12:38:17.219Z","auto_refund_requested","e2da14b8e4d0d38e93705bd9283d5c45","abc@speed.app","","","","1030","1030","0","abc@speed.app","auto_refund",""
"2026-05-07T12:33:17.953Z","auto_refund_failed","e2da14b8e4d0d38e93705bd9283d5c45","abc@speed.app","","","","1030","0","1030","abc@speed.app","auto_refund","Request failed with status code 400"
"2026-05-07T12:33:17.218Z","auto_refund_requested","e2da14b8e4d0d38e93705bd9283d5c45","abc@speed.app","","","","1030","1030","0","abc@speed.app","auto_refund",""
"2026-05-07T12:28:18.034Z","auto_refund_failed","e2da14b8e4d0d38e93705bd9283d5c45","abc@speed.app","","","","1030","0","1030","abc@speed.app","auto_refund","Request failed with status code 400"
"2026-05-07T12:28:17.217Z","auto_refund_requested","e2da14b8e4d0d38e93705bd9283d5c45","abc@speed.app","","","","1030","1030","0","abc@speed.app","auto_refund",""
"2026-05-07T12:23:17.961Z","auto_refund_failed","e2da14b8e4d0d38e93705bd9283d5c45","abc@speed.app","","","","1030","0","1030","abc@speed.app","auto_refund","Request failed with status code 400"
"2026-05-07T12:23:17.217Z","auto_refund_requested","e2da14b8e4d0d38e93705bd9283d5c45","abc@speed.app","","","","1030","1030","0","abc@speed.app","auto_refund",""
"2026-05-07T12:18:18.705Z","auto_refund_failed","e2da14b8e4d0d38e93705bd9283d5c45","abc@speed.app","","","","1030","0","1030","abc@speed.app","auto_refund","Request failed with status code 400"
"2026-05-07T12:18:17.213Z","auto_refund_requested","e2da14b8e4d0d38e93705bd9283d5c45","abc@speed.app","","","","1030","1030","0","abc@speed.app","auto_refund",""
"2026-05-07T12:13:18.058Z","auto_refund_failed","e2da14b8e4d0d38e93705bd9283d5c45","abc@speed.app","","","","1030","0","1030","abc@speed.app","auto_refund","Request failed with status code 400"
"2026-05-07T12:13:17.210Z","auto_refund_requested","e2da14b8e4d0d38e93705bd9283d5c45","abc@speed.app","","","","1030","1030","0","abc@speed.app","auto_refund",""
"2026-05-07T12:08:17.911Z","auto_refund_failed","e2da14b8e4d0d38e93705bd9283d5c45","abc@speed.app","","","","1030","0","1030","abc@speed.app","auto_refund","Request failed with status code 400"
"2026-05-07T12:08:17.206Z","auto_refund_requested","e2da14b8e4d0d38e93705bd9283d5c45","abc@speed.app","","","","1030","1030","0","abc@speed.app","auto_refund",""
"2026-05-07T12:03:17.873Z","auto_refund_failed","e2da14b8e4d0d38e93705bd9283d5c45","abc@speed.app","","","","1030","0","1030","abc@speed.app","auto_refund","Request failed with status code 400"
"2026-05-07T12:03:17.202Z","auto_refund_requested","e2da14b8e4d0d38e93705bd9283d5c45","abc@speed.app","","","","1030","1030","0","abc@speed.app","auto_refund",""
"2026-05-07T11:58:17.928Z","auto_refund_failed","e2da14b8e4d0d38e93705bd9283d5c45","abc@speed.app","","","","1030","0","1030","abc@speed.app","auto_refund","Request failed with status code 400"
"2026-05-07T11:58:17.199Z","auto_refund_requested","e2da14b8e4d0d38e93705bd9283d5c45","abc@speed.app","","","","1030","1030","0","abc@speed.app","auto_refund",""
"2026-05-07T11:53:17.980Z","auto_refund_failed","e2da14b8e4d0d38e93705bd9283d5c45","abc@speed.app","","","","1030","0","1030","abc@speed.app","auto_refund","Request failed with status code 400"
"2026-05-07T11:53:17.197Z","auto_refund_requested","e2da14b8e4d0d38e93705bd9283d5c45","abc@speed.app","","","","1030","1030","0","abc@speed.app","auto_refund",""
"2026-05-07T11:48:17.869Z","auto_refund_failed","e2da14b8e4d0d38e93705bd9283d5c45","abc@speed.app","","","","1030","0","1030","abc@speed.app","auto_refund","Request failed with status code 400"
"2026-05-07T11:48:17.193Z","auto_refund_requested","e2da14b8e4d0d38e93705bd9283d5c45","abc@speed.app","","","","1030","1030","0","abc@speed.app","auto_refund",""
"2026-05-07T11:43:17.869Z","auto_refund_failed","e2da14b8e4d0d38e93705bd9283d5c45","abc@speed.app","","","","1030","0","1030","abc@speed.app","auto_refund","Request failed with status code 400"
"2026-05-07T11:43:17.193Z","auto_refund_requested","e2da14b8e4d0d38e93705bd9283d5c45","abc@speed.app","","","","1030","1030","0","abc@speed.app","auto_refund",""
"2026-05-07T11:38:17.983Z","auto_refund_failed","e2da14b8e4d0d38e93705bd9283d5c45","abc@speed.app","","","","1030","0","1030","abc@speed.app","auto_refund","Request failed with status code 400"
"2026-05-07T11:38:17.190Z","auto_refund_requested","e2da14b8e4d0d38e93705bd9283d5c45","abc@speed.app","","","","1030","1030","0","abc@speed.app","auto_refund",""
"2026-05-07T11:33:17.922Z","auto_refund_failed","e2da14b8e4d0d38e93705bd9283d5c45","abc@speed.app","","","","1030","0","1030","abc@speed.app","auto_refund","Request failed with status code 400"
"2026-05-07T11:33:17.190Z","auto_refund_requested","e2da14b8e4d0d38e93705bd9283d5c45","abc@speed.app","","","","1030","1030","0","abc@speed.app","auto_refund",""
"2026-05-07T11:28:17.988Z","auto_refund_failed","e2da14b8e4d0d38e93705bd9283d5c45","abc@speed.app","","","","1030","0","1030","abc@speed.app","auto_refund","Request failed with status code 400"
"2026-05-07T11:28:17.185Z","auto_refund_requested","e2da14b8e4d0d38e93705bd9283d5c45","abc@speed.app","","","","1030","1030","0","abc@speed.app","auto_refund",""
"2026-05-07T11:23:18.090Z","auto_refund_failed","e2da14b8e4d0d38e93705bd9283d5c45","abc@speed.app","","","","1030","0","1030","abc@speed.app","auto_refund","Request failed with status code 400"
"2026-05-07T11:23:17.184Z","auto_refund_requested","e2da14b8e4d0d38e93705bd9283d5c45","abc@speed.app","","","","1030","1030","0","abc@speed.app","auto_refund",""
"2026-05-07T11:18:17.877Z","auto_refund_failed","e2da14b8e4d0d38e93705bd9283d5c45","abc@speed.app","","","","1030","0","1030","abc@speed.app","auto_refund","Request failed with status code 400"
"2026-05-07T11:18:17.178Z","auto_refund_requested","e2da14b8e4d0d38e93705bd9283d5c45","abc@speed.app","","","","1030","1030","0","abc@speed.app","auto_refund",""
"2026-05-07T11:13:17.922Z","auto_refund_failed","e2da14b8e4d0d38e93705bd9283d5c45","abc@speed.app","","","","1030","0","1030","abc@speed.app","auto_refund","Request failed with status code 400"
"2026-05-07T11:13:17.176Z","auto_refund_requested","e2da14b8e4d0d38e93705bd9283d5c45","abc@speed.app","","","","1030","1030","0","abc@speed.app","auto_refund",""
"2026-05-07T11:08:17.895Z","auto_refund_failed","e2da14b8e4d0d38e93705bd9283d5c45","abc@speed.app","","","","1030","0","1030","abc@speed.app","auto_refund","Request failed with status code 400"
"2026-05-07T11:08:17.177Z","auto_refund_requested","e2da14b8e4d0d38e93705bd9283d5c45","abc@speed.app","","","","1030","1030","0","abc@speed.app","auto_refund",""
"2026-05-07T11:03:17.916Z","auto_refund_failed","e2da14b8e4d0d38e93705bd9283d5c45","abc@speed.app","","","","1030","0","1030","abc@speed.app","auto_refund","Request failed with status code 400"
"2026-05-07T11:03:17.175Z","auto_refund_requested","e2da14b8e4d0d38e93705bd9283d5c45","abc@speed.app","","","","1030","1030","0","abc@speed.app","auto_refund",""
"2026-05-07T10:58:18.045Z","auto_refund_failed","e2da14b8e4d0d38e93705bd9283d5c45","abc@speed.app","","","","1030","0","1030","abc@speed.app","auto_refund","Request failed with status code 400"
"2026-05-07T10:58:17.173Z","auto_refund_requested","e2da14b8e4d0d38e93705bd9283d5c45","abc@speed.app","","","","1030","1030","0","abc@speed.app","auto_refund",""
"2026-05-07T10:53:17.900Z","auto_refund_failed","e2da14b8e4d0d38e93705bd9283d5c45","abc@speed.app","","","","1030","0","1030","abc@speed.app","auto_refund","Request failed with status code 400"
"2026-05-07T10:53:17.173Z","auto_refund_requested","e2da14b8e4d0d38e93705bd9283d5c45","abc@speed.app","","","","1030","1030","0","abc@speed.app","auto_refund",""
"2026-05-07T10:48:17.978Z","auto_refund_failed","e2da14b8e4d0d38e93705bd9283d5c45","abc@speed.app","","","","1030","0","1030","abc@speed.app","auto_refund","Request failed with status code 400"
"2026-05-07T10:48:17.172Z","auto_refund_requested","e2da14b8e4d0d38e93705bd9283d5c45","abc@speed.app","","","","1030","1030","0","abc@speed.app","auto_refund",""
"2026-05-07T10:43:17.865Z","auto_refund_failed","e2da14b8e4d0d38e93705bd9283d5c45","abc@speed.app","","","","1030","0","1030","abc@speed.app","auto_refund","Request failed with status code 400"
"2026-05-07T10:43:17.171Z","auto_refund_requested","e2da14b8e4d0d38e93705bd9283d5c45","abc@speed.app","","","","1030","1030","0","abc@speed.app","auto_refund",""
"2026-05-07T10:38:17.867Z","auto_refund_failed","e2da14b8e4d0d38e93705bd9283d5c45","abc@speed.app","","","","1030","0","1030","abc@speed.app","auto_refund","Request failed with status code 400"
"2026-05-07T10:38:17.171Z","auto_refund_requested","e2da14b8e4d0d38e93705bd9283d5c45","abc@speed.app","","","","1030","1030","0","abc@speed.app","auto_refund",""
"2026-05-07T10:33:17.934Z","auto_refund_failed","e2da14b8e4d0d38e93705bd9283d5c45","abc@speed.app","","","","1030","0","1030","abc@speed.app","auto_refund","Request failed with status code 400"
"2026-05-07T10:33:17.169Z","auto_refund_requested","e2da14b8e4d0d38e93705bd9283d5c45","abc@speed.app","","","","1030","1030","0","abc@speed.app","auto_refund",""
"2026-05-07T10:28:17.848Z","auto_refund_failed","e2da14b8e4d0d38e93705bd9283d5c45","abc@speed.app","","","","1030","0","1030","abc@speed.app","auto_refund","Request failed with status code 400"
"2026-05-07T10:28:17.169Z","auto_refund_requested","e2da14b8e4d0d38e93705bd9283d5c45","abc@speed.app","","","","1030","1030","0","abc@speed.app","auto_refund",""
"2026-05-07T10:23:17.997Z","auto_refund_failed","e2da14b8e4d0d38e93705bd9283d5c45","abc@speed.app","","","","1030","0","1030","abc@speed.app","auto_refund","Request failed with status code 400"
"2026-05-07T10:23:17.168Z","auto_refund_requested","e2da14b8e4d0d38e93705bd9283d5c45","abc@speed.app","","","","1030","1030","0","abc@speed.app","auto_refund",""
"2026-05-07T10:17:17.888Z","auto_refund_failed","e2da14b8e4d0d38e93705bd9283d5c45","abc@speed.app","","","","1030","0","1030","abc@speed.app","auto_refund","Request failed with status code 400"
"2026-05-07T10:17:17.168Z","auto_refund_requested","e2da14b8e4d0d38e93705bd9283d5c45","abc@speed.app","","","","1030","1030","0","abc@speed.app","auto_refund",""
"2026-05-07T10:12:17.894Z","auto_refund_failed","e2da14b8e4d0d38e93705bd9283d5c45","abc@speed.app","","","","1030","0","1030","abc@speed.app","auto_refund","Request failed with status code 400"
"2026-05-07T10:12:17.168Z","auto_refund_requested","e2da14b8e4d0d38e93705bd9283d5c45","abc@speed.app","","","","1030","1030","0","abc@speed.app","auto_refund",""
"2026-05-07T10:07:17.908Z","auto_refund_failed","e2da14b8e4d0d38e93705bd9283d5c45","abc@speed.app","","","","1030","0","1030","abc@speed.app","auto_refund","Request failed with status code 400"
"2026-05-07T10:07:17.168Z","auto_refund_requested","e2da14b8e4d0d38e93705bd9283d5c45","abc@speed.app","","","","1030","1030","0","abc@speed.app","auto_refund",""
"2026-05-07T10:02:17.915Z","auto_refund_failed","e2da14b8e4d0d38e93705bd9283d5c45","abc@speed.app","","","","1030","0","1030","abc@speed.app","auto_refund","Request failed with status code 400"
"2026-05-07T10:02:17.166Z","auto_refund_requested","e2da14b8e4d0d38e93705bd9283d5c45","abc@speed.app","","","","1030","1030","0","abc@speed.app","auto_refund",""
"2026-05-07T09:57:17.927Z","auto_refund_failed","e2da14b8e4d0d38e93705bd9283d5c45","abc@speed.app","","","","1030","0","1030","abc@speed.app","auto_refund","Request failed with status code 400"
"2026-05-07T09:57:17.166Z","auto_refund_requested","e2da14b8e4d0d38e93705bd9283d5c45","abc@speed.app","","","","1030","1030","0","abc@speed.app","auto_refund",""
"2026-05-07T09:52:18.099Z","auto_refund_failed","e2da14b8e4d0d38e93705bd9283d5c45","abc@speed.app","","","","1030","0","1030","abc@speed.app","auto_refund","Request failed with status code 400"
"2026-05-07T09:52:17.163Z","auto_refund_requested","e2da14b8e4d0d38e93705bd9283d5c45","abc@speed.app","","","","1030","1030","0","abc@speed.app","auto_refund",""
"2026-05-07T09:47:17.799Z","auto_refund_failed","e2da14b8e4d0d38e93705bd9283d5c45","abc@speed.app","","","","1030","0","1030","abc@speed.app","auto_refund","Request failed with status code 400"
"2026-05-07T09:47:17.163Z","auto_refund_requested","e2da14b8e4d0d38e93705bd9283d5c45","abc@speed.app","","","","1030","1030","0","abc@speed.app","auto_refund",""
"2026-05-07T09:42:17.902Z","auto_refund_failed","e2da14b8e4d0d38e93705bd9283d5c45","abc@speed.app","","","","1030","0","1030","abc@speed.app","auto_refund","Request failed with status code 400"
"2026-05-07T09:42:17.163Z","auto_refund_requested","e2da14b8e4d0d38e93705bd9283d5c45","abc@speed.app","","","","1030","1030","0","abc@speed.app","auto_refund",""
"2026-05-07T09:37:17.813Z","auto_refund_failed","e2da14b8e4d0d38e93705bd9283d5c45","abc@speed.app","","","","1030","0","1030","abc@speed.app","auto_refund","Request failed with status code 400"
"2026-05-07T09:37:17.161Z","auto_refund_requested","e2da14b8e4d0d38e93705bd9283d5c45","abc@speed.app","","","","1030","1030","0","abc@speed.app","auto_refund",""
"2026-05-07T09:32:17.823Z","auto_refund_failed","e2da14b8e4d0d38e93705bd9283d5c45","abc@speed.app","","","","1030","0","1030","abc@speed.app","auto_refund","Request failed with status code 400"
"2026-05-07T09:32:17.159Z","auto_refund_requested","e2da14b8e4d0d38e93705bd9283d5c45","abc@speed.app","","","","1030","1030","0","abc@speed.app","auto_refund",""
"2026-05-07T09:27:53.980Z","withdraw_sent","6101e5ff50c65d85cbfdcfcca7f4fabb","shrey1@speed.app","","","","1030","1030","0","shrey1@speed.app","manual_withdraw",""
"2026-05-07T09:27:53.189Z","withdraw_requested","6101e5ff50c65d85cbfdcfcca7f4fabb","shrey1@speed.app","","","","1030","1030","0","shrey1@speed.app","manual_withdraw",""
"2026-05-07T09:27:25.497Z","spin_payout","6101e5ff50c65d85cbfdcfcca7f4fabb","shrey1@speed.app","","20","50","","980","1030","wallet","",""
"2026-05-07T09:27:25.495Z","spin_bet","6101e5ff50c65d85cbfdcfcca7f4fabb","shrey1@speed.app","","20","","","1000","980","","",""
"2026-05-07T09:27:17.579Z","auto_refund_failed","e2da14b8e4d0d38e93705bd9283d5c45","abc@speed.app","","","","1030","0","1030","abc@speed.app","auto_refund","Request failed with status code 400"
"2026-05-07T09:27:17.379Z","topup_credited","6101e5ff50c65d85cbfdcfcca7f4fabb","shrey1@speed.app","pi_mova8f5954S9Ej3F","","","1000","0","1000","","",""
"2026-05-07T09:27:17.158Z","auto_refund_requested","e2da14b8e4d0d38e93705bd9283d5c45","abc@speed.app","","","","1030","1030","0","abc@speed.app","auto_refund",""
"2026-05-07T09:22:18.056Z","auto_refund_failed","e2da14b8e4d0d38e93705bd9283d5c45","abc@speed.app","","","","1030","0","1030","abc@speed.app","auto_refund","Request failed with status code 400"
"2026-05-07T09:22:17.158Z","auto_refund_requested","e2da14b8e4d0d38e93705bd9283d5c45","abc@speed.app","","","","1030","1030","0","abc@speed.app","auto_refund",""
"2026-05-07T09:17:17.863Z","auto_refund_failed","e2da14b8e4d0d38e93705bd9283d5c45","abc@speed.app","","","","1030","0","1030","abc@speed.app","auto_refund","Request failed with status code 400"
"2026-05-07T09:17:17.158Z","auto_refund_requested","e2da14b8e4d0d38e93705bd9283d5c45","abc@speed.app","","","","1030","1030","0","abc@speed.app","auto_refund",""
"2026-05-07T09:12:17.873Z","auto_refund_failed","e2da14b8e4d0d38e93705bd9283d5c45","abc@speed.app","","","","1030","0","1030","abc@speed.app","auto_refund","Request failed with status code 400"
"2026-05-07T09:12:17.157Z","auto_refund_requested","e2da14b8e4d0d38e93705bd9283d5c45","abc@speed.app","","","","1030","1030","0","abc@speed.app","auto_refund",""
"2026-05-07T09:07:17.896Z","auto_refund_failed","e2da14b8e4d0d38e93705bd9283d5c45","abc@speed.app","","","","1030","0","1030","abc@speed.app","auto_refund","Request failed with status code 400"
"2026-05-07T09:07:17.155Z","auto_refund_requested","e2da14b8e4d0d38e93705bd9283d5c45","abc@speed.app","","","","1030","1030","0","abc@speed.app","auto_refund",""
"2026-05-07T09:02:17.927Z","auto_refund_failed","e2da14b8e4d0d38e93705bd9283d5c45","abc@speed.app","","","","1030","0","1030","abc@speed.app","auto_refund","Request failed with status code 400"
"2026-05-07T09:02:17.154Z","auto_refund_requested","e2da14b8e4d0d38e93705bd9283d5c45","abc@speed.app","","","","1030","1030","0","abc@speed.app","auto_refund",""
"2026-05-07T08:57:17.861Z","auto_refund_failed","e2da14b8e4d0d38e93705bd9283d5c45","abc@speed.app","","","","1030","0","1030","abc@speed.app","auto_refund","Request failed with status code 400"
"2026-05-07T08:57:17.154Z","auto_refund_requested","e2da14b8e4d0d38e93705bd9283d5c45","abc@speed.app","","","","1030","1030","0","abc@speed.app","auto_refund",""
"2026-05-07T08:52:17.823Z","auto_refund_failed","e2da14b8e4d0d38e93705bd9283d5c45","abc@speed.app","","","","1030","0","1030","abc@speed.app","auto_refund","Request failed with status code 400"
"2026-05-07T08:52:17.151Z","auto_refund_requested","e2da14b8e4d0d38e93705bd9283d5c45","abc@speed.app","","","","1030","1030","0","abc@speed.app","auto_refund",""
"2026-05-07T08:47:17.808Z","auto_refund_failed","e2da14b8e4d0d38e93705bd9283d5c45","abc@speed.app","","","","1030","0","1030","abc@speed.app","auto_refund","Request failed with status code 400"
"2026-05-07T08:47:17.149Z","auto_refund_requested","e2da14b8e4d0d38e93705bd9283d5c45","abc@speed.app","","","","1030","1030","0","abc@speed.app","auto_refund",""
"2026-05-07T08:42:17.860Z","auto_refund_failed","e2da14b8e4d0d38e93705bd9283d5c45","abc@speed.app","","","","1030","0","1030","abc@speed.app","auto_refund","Request failed with status code 400"
"2026-05-07T08:42:17.149Z","auto_refund_requested","e2da14b8e4d0d38e93705bd9283d5c45","abc@speed.app","","","","1030","1030","0","abc@speed.app","auto_refund",""
"2026-05-07T08:36:17.835Z","auto_refund_failed","e2da14b8e4d0d38e93705bd9283d5c45","abc@speed.app","","","","1030","0","1030","abc@speed.app","auto_refund","Request failed with status code 400"
"2026-05-07T08:36:17.150Z","auto_refund_requested","e2da14b8e4d0d38e93705bd9283d5c45","abc@speed.app","","","","1030","1030","0","abc@speed.app","auto_refund",""
"2026-05-07T08:31:17.964Z","auto_refund_failed","e2da14b8e4d0d38e93705bd9283d5c45","abc@speed.app","","","","1030","0","1030","abc@speed.app","auto_refund","Request failed with status code 400"
"2026-05-07T08:31:17.149Z","auto_refund_requested","e2da14b8e4d0d38e93705bd9283d5c45","abc@speed.app","","","","1030","1030","0","abc@speed.app","auto_refund",""
"2026-05-07T08:26:18.120Z","auto_refund_failed","e2da14b8e4d0d38e93705bd9283d5c45","abc@speed.app","","","","1030","0","1030","abc@speed.app","auto_refund","Request failed with status code 400"
"2026-05-07T08:26:17.147Z","auto_refund_requested","e2da14b8e4d0d38e93705bd9283d5c45","abc@speed.app","","","","1030","1030","0","abc@speed.app","auto_refund",""
"2026-05-07T08:21:18.034Z","auto_refund_failed","e2da14b8e4d0d38e93705bd9283d5c45","abc@speed.app","","","","1030","0","1030","abc@speed.app","auto_refund","Request failed with status code 400"
"2026-05-07T08:21:17.147Z","auto_refund_requested","e2da14b8e4d0d38e93705bd9283d5c45","abc@speed.app","","","","1030","1030","0","abc@speed.app","auto_refund",""
"2026-05-07T08:16:17.845Z","auto_refund_failed","e2da14b8e4d0d38e93705bd9283d5c45","abc@speed.app","","","","1030","0","1030","abc@speed.app","auto_refund","Request failed with status code 400"
"2026-05-07T08:16:17.146Z","auto_refund_requested","e2da14b8e4d0d38e93705bd9283d5c45","abc@speed.app","","","","1030","1030","0","abc@speed.app","auto_refund",""
"2026-05-07T08:11:17.798Z","auto_refund_failed","e2da14b8e4d0d38e93705bd9283d5c45","abc@speed.app","","","","1030","0","1030","abc@speed.app","auto_refund","Request failed with status code 400"
"2026-05-07T08:11:17.145Z","auto_refund_requested","e2da14b8e4d0d38e93705bd9283d5c45","abc@speed.app","","","","1030","1030","0","abc@speed.app","auto_refund",""
"2026-05-07T08:06:17.923Z","auto_refund_failed","e2da14b8e4d0d38e93705bd9283d5c45","abc@speed.app","","","","1030","0","1030","abc@speed.app","auto_refund","Request failed with status code 400"
"2026-05-07T08:06:17.144Z","auto_refund_requested","e2da14b8e4d0d38e93705bd9283d5c45","abc@speed.app","","","","1030","1030","0","abc@speed.app","auto_refund",""
"2026-05-07T08:01:17.822Z","auto_refund_failed","e2da14b8e4d0d38e93705bd9283d5c45","abc@speed.app","","","","1030","0","1030","abc@speed.app","auto_refund","Request failed with status code 400"
"2026-05-07T08:01:17.144Z","auto_refund_requested","e2da14b8e4d0d38e93705bd9283d5c45","abc@speed.app","","","","1030","1030","0","abc@speed.app","auto_refund",""
"2026-05-07T07:56:17.817Z","auto_refund_failed","e2da14b8e4d0d38e93705bd9283d5c45","abc@speed.app","","","","1030","0","1030","abc@speed.app","auto_refund","Request failed with status code 400"
"2026-05-07T07:56:17.143Z","auto_refund_requested","e2da14b8e4d0d38e93705bd9283d5c45","abc@speed.app","","","","1030","1030","0","abc@speed.app","auto_refund",""
"2026-05-07T07:51:17.891Z","auto_refund_failed","e2da14b8e4d0d38e93705bd9283d5c45","abc@speed.app","","","","1030","0","1030","abc@speed.app","auto_refund","Request failed with status code 400"
"2026-05-07T07:51:17.140Z","auto_refund_requested","e2da14b8e4d0d38e93705bd9283d5c45","abc@speed.app","","","","1030","1030","0","abc@speed.app","auto_refund",""
"2026-05-07T07:46:17.835Z","auto_refund_failed","e2da14b8e4d0d38e93705bd9283d5c45","abc@speed.app","","","","1030","0","1030","abc@speed.app","auto_refund","Request failed with status code 400"
"2026-05-07T07:46:17.139Z","auto_refund_requested","e2da14b8e4d0d38e93705bd9283d5c45","abc@speed.app","","","","1030","1030","0","abc@speed.app","auto_refund",""
"2026-05-07T07:41:18.130Z","auto_refund_failed","e2da14b8e4d0d38e93705bd9283d5c45","abc@speed.app","","","","1030","0","1030","abc@speed.app","auto_refund","Request failed with status code 400"
"2026-05-07T07:41:17.138Z","auto_refund_requested","e2da14b8e4d0d38e93705bd9283d5c45","abc@speed.app","","","","1030","1030","0","abc@speed.app","auto_refund",""
"2026-05-07T07:36:17.821Z","auto_refund_failed","e2da14b8e4d0d38e93705bd9283d5c45","abc@speed.app","","","","1030","0","1030","abc@speed.app","auto_refund","Request failed with status code 400"
"2026-05-07T07:36:17.138Z","auto_refund_requested","e2da14b8e4d0d38e93705bd9283d5c45","abc@speed.app","","","","1030","1030","0","abc@speed.app","auto_refund",""
"2026-05-07T07:31:18.147Z","auto_refund_failed","e2da14b8e4d0d38e93705bd9283d5c45","abc@speed.app","","","","1030","0","1030","abc@speed.app","auto_refund","Request failed with status code 400"
"2026-05-07T07:31:17.135Z","auto_refund_requested","e2da14b8e4d0d38e93705bd9283d5c45","abc@speed.app","","","","1030","1030","0","abc@speed.app","auto_refund",""
"2026-05-07T07:26:17.843Z","auto_refund_failed","e2da14b8e4d0d38e93705bd9283d5c45","abc@speed.app","","","","1030","0","1030","abc@speed.app","auto_refund","Request failed with status code 400"
"2026-05-07T07:26:17.135Z","auto_refund_requested","e2da14b8e4d0d38e93705bd9283d5c45","abc@speed.app","","","","1030","1030","0","abc@speed.app","auto_refund",""
"2026-05-07T07:21:18.090Z","auto_refund_failed","e2da14b8e4d0d38e93705bd9283d5c45","abc@speed.app","","","","1030","0","1030","abc@speed.app","auto_refund","Request failed with status code 400"
"2026-05-07T07:21:17.135Z","auto_refund_requested","e2da14b8e4d0d38e93705bd9283d5c45","abc@speed.app","","","","1030","1030","0","abc@speed.app","auto_refund",""
"2026-05-07T07:15:18.186Z","auto_refund_failed","e2da14b8e4d0d38e93705bd9283d5c45","abc@speed.app","","","","1030","0","1030","abc@speed.app","auto_refund","Request failed with status code 400"
"2026-05-07T07:15:17.136Z","auto_refund_requested","e2da14b8e4d0d38e93705bd9283d5c45","abc@speed.app","","","","1030","1030","0","abc@speed.app","auto_refund",""
"2026-05-07T07:09:17.807Z","auto_refund_failed","e2da14b8e4d0d38e93705bd9283d5c45","abc@speed.app","","","","1030","0","1030","abc@speed.app","auto_refund","Request failed with status code 400"
"2026-05-07T07:09:17.136Z","auto_refund_requested","e2da14b8e4d0d38e93705bd9283d5c45","abc@speed.app","","","","1030","1030","0","abc@speed.app","auto_refund",""
"2026-05-07T07:04:17.916Z","auto_refund_failed","e2da14b8e4d0d38e93705bd9283d5c45","abc@speed.app","","","","1030","0","1030","abc@speed.app","auto_refund","Request failed with status code 400"
"2026-05-07T07:04:17.136Z","auto_refund_requested","e2da14b8e4d0d38e93705bd9283d5c45","abc@speed.app","","","","1030","1030","0","abc@speed.app","auto_refund",""
"2026-05-07T06:59:17.873Z","auto_refund_failed","e2da14b8e4d0d38e93705bd9283d5c45","abc@speed.app","","","","1030","0","1030","abc@speed.app","auto_refund","Request failed with status code 400"
"2026-05-07T06:59:17.135Z","auto_refund_requested","e2da14b8e4d0d38e93705bd9283d5c45","abc@speed.app","","","","1030","1030","0","abc@speed.app","auto_refund",""
"2026-05-07T06:54:17.959Z","auto_refund_failed","e2da14b8e4d0d38e93705bd9283d5c45","abc@speed.app","","","","1030","0","1030","abc@speed.app","auto_refund","Request failed with status code 400"
"2026-05-07T06:54:17.135Z","auto_refund_requested","e2da14b8e4d0d38e93705bd9283d5c45","abc@speed.app","","","","1030","1030","0","abc@speed.app","auto_refund",""
"2026-05-07T06:49:17.772Z","auto_refund_failed","e2da14b8e4d0d38e93705bd9283d5c45","abc@speed.app","","","","1030","0","1030","abc@speed.app","auto_refund","Request failed with status code 400"
"2026-05-07T06:49:17.134Z","auto_refund_requested","e2da14b8e4d0d38e93705bd9283d5c45","abc@speed.app","","","","1030","1030","0","abc@speed.app","auto_refund",""
"2026-05-07T06:44:17.882Z","auto_refund_failed","e2da14b8e4d0d38e93705bd9283d5c45","abc@speed.app","","","","1030","0","1030","abc@speed.app","auto_refund","Request failed with status code 400"
"2026-05-07T06:44:17.134Z","auto_refund_requested","e2da14b8e4d0d38e93705bd9283d5c45","abc@speed.app","","","","1030","1030","0","abc@speed.app","auto_refund",""
"2026-05-07T06:39:17.851Z","auto_refund_failed","e2da14b8e4d0d38e93705bd9283d5c45","abc@speed.app","","","","1030","0","1030","abc@speed.app","auto_refund","Request failed with status code 400"
"2026-05-07T06:39:17.131Z","auto_refund_requested","e2da14b8e4d0d38e93705bd9283d5c45","abc@speed.app","","","","1030","1030","0","abc@speed.app","auto_refund",""
"2026-05-07T06:34:17.914Z","auto_refund_failed","e2da14b8e4d0d38e93705bd9283d5c45","abc@speed.app","","","","1030","0","1030","abc@speed.app","auto_refund","Request failed with status code 400"
"2026-05-07T06:34:17.128Z","auto_refund_requested","e2da14b8e4d0d38e93705bd9283d5c45","abc@speed.app","","","","1030","1030","0","abc@speed.app","auto_refund",""
"2026-05-07T06:29:17.980Z","auto_refund_failed","e2da14b8e4d0d38e93705bd9283d5c45","abc@speed.app","","","","1030","0","1030","abc@speed.app","auto_refund","Request failed with status code 400"
"2026-05-07T06:29:17.128Z","auto_refund_requested","e2da14b8e4d0d38e93705bd9283d5c45","abc@speed.app","","","","1030","1030","0","abc@speed.app","auto_refund",""
"2026-05-07T06:24:17.837Z","auto_refund_failed","e2da14b8e4d0d38e93705bd9283d5c45","abc@speed.app","","","","1030","0","1030","abc@speed.app","auto_refund","Request failed with status code 400"
"2026-05-07T06:24:17.128Z","auto_refund_requested","e2da14b8e4d0d38e93705bd9283d5c45","abc@speed.app","","","","1030","1030","0","abc@speed.app","auto_refund",""
"2026-05-07T06:18:17.784Z","auto_refund_failed","e2da14b8e4d0d38e93705bd9283d5c45","abc@speed.app","","","","1030","0","1030","abc@speed.app","auto_refund","Request failed with status code 400"
"2026-05-07T06:18:17.128Z","auto_refund_requested","e2da14b8e4d0d38e93705bd9283d5c45","abc@speed.app","","","","1030","1030","0","abc@speed.app","auto_refund",""
"2026-05-07T06:13:17.825Z","auto_refund_failed","e2da14b8e4d0d38e93705bd9283d5c45","abc@speed.app","","","","1030","0","1030","abc@speed.app","auto_refund","Request failed with status code 400"
"2026-05-07T06:13:17.127Z","auto_refund_requested","e2da14b8e4d0d38e93705bd9283d5c45","abc@speed.app","","","","1030","1030","0","abc@speed.app","auto_refund",""
"2026-05-07T06:08:17.811Z","auto_refund_failed","e2da14b8e4d0d38e93705bd9283d5c45","abc@speed.app","","","","1030","0","1030","abc@speed.app","auto_refund","Request failed with status code 400"
"2026-05-07T06:08:17.127Z","auto_refund_requested","e2da14b8e4d0d38e93705bd9283d5c45","abc@speed.app","","","","1030","1030","0","abc@speed.app","auto_refund",""
"2026-05-07T06:03:17.792Z","auto_refund_failed","e2da14b8e4d0d38e93705bd9283d5c45","abc@speed.app","","","","1030","0","1030","abc@speed.app","auto_refund","Request failed with status code 400"
"2026-05-07T06:03:17.126Z","auto_refund_requested","e2da14b8e4d0d38e93705bd9283d5c45","abc@speed.app","","","","1030","1030","0","abc@speed.app","auto_refund",""
"2026-05-07T05:58:17.792Z","auto_refund_failed","e2da14b8e4d0d38e93705bd9283d5c45","abc@speed.app","","","","1030","0","1030","abc@speed.app","auto_refund","Request failed with status code 400"
"2026-05-07T05:58:17.126Z","auto_refund_requested","e2da14b8e4d0d38e93705bd9283d5c45","abc@speed.app","","","","1030","1030","0","abc@speed.app","auto_refund",""
"2026-05-07T05:53:17.985Z","auto_refund_failed","e2da14b8e4d0d38e93705bd9283d5c45","abc@speed.app","","","","1030","0","1030","abc@speed.app","auto_refund","Request failed with status code 400"
"2026-05-07T05:53:17.127Z","auto_refund_requested","e2da14b8e4d0d38e93705bd9283d5c45","abc@speed.app","","","","1030","1030","0","abc@speed.app","auto_refund",""
"2026-05-07T05:47:17.819Z","auto_refund_failed","e2da14b8e4d0d38e93705bd9283d5c45","abc@speed.app","","","","1030","0","1030","abc@speed.app","auto_refund","Request failed with status code 400"
"2026-05-07T05:47:17.127Z","auto_refund_requested","e2da14b8e4d0d38e93705bd9283d5c45","abc@speed.app","","","","1030","1030","0","abc@speed.app","auto_refund",""
"2026-05-07T05:42:17.802Z","auto_refund_failed","e2da14b8e4d0d38e93705bd9283d5c45","abc@speed.app","","","","1030","0","1030","abc@speed.app","auto_refund","Request failed with status code 400"
"2026-05-07T05:42:17.127Z","auto_refund_requested","e2da14b8e4d0d38e93705bd9283d5c45","abc@speed.app","","","","1030","1030","0","abc@speed.app","auto_refund",""
"2026-05-07T05:36:17.858Z","auto_refund_failed","e2da14b8e4d0d38e93705bd9283d5c45","abc@speed.app","","","","1030","0","1030","abc@speed.app","auto_refund","Request failed with status code 400"
"2026-05-07T05:36:17.127Z","auto_refund_requested","e2da14b8e4d0d38e93705bd9283d5c45","abc@speed.app","","","","1030","1030","0","abc@speed.app","auto_refund",""
"2026-05-07T05:30:17.875Z","auto_refund_failed","e2da14b8e4d0d38e93705bd9283d5c45","abc@speed.app","","","","1030","0","1030","abc@speed.app","auto_refund","Request failed with status code 400"
"2026-05-07T05:30:17.127Z","auto_refund_requested","e2da14b8e4d0d38e93705bd9283d5c45","abc@speed.app","","","","1030","1030","0","abc@speed.app","auto_refund",""
"2026-05-07T05:25:17.831Z","auto_refund_failed","e2da14b8e4d0d38e93705bd9283d5c45","abc@speed.app","","","","1030","0","1030","abc@speed.app","auto_refund","Request failed with status code 400"
"2026-05-07T05:25:17.125Z","auto_refund_requested","e2da14b8e4d0d38e93705bd9283d5c45","abc@speed.app","","","","1030","1030","0","abc@speed.app","auto_refund",""
"2026-05-07T05:20:18.116Z","auto_refund_failed","e2da14b8e4d0d38e93705bd9283d5c45","abc@speed.app","","","","1030","0","1030","abc@speed.app","auto_refund","Request failed with status code 400"
"2026-05-07T05:20:17.123Z","auto_refund_requested","e2da14b8e4d0d38e93705bd9283d5c45","abc@speed.app","","","","1030","1030","0","abc@speed.app","auto_refund",""
"2026-05-07T05:15:17.910Z","auto_refund_failed","e2da14b8e4d0d38e93705bd9283d5c45","abc@speed.app","","","","1030","0","1030","abc@speed.app","auto_refund","Request failed with status code 400"
"2026-05-07T05:15:17.121Z","auto_refund_requested","e2da14b8e4d0d38e93705bd9283d5c45","abc@speed.app","","","","1030","1030","0","abc@speed.app","auto_refund",""
"2026-05-07T05:10:17.884Z","auto_refund_failed","e2da14b8e4d0d38e93705bd9283d5c45","abc@speed.app","","","","1030","0","1030","abc@speed.app","auto_refund","Request failed with status code 400"
"2026-05-07T05:10:17.121Z","auto_refund_requested","e2da14b8e4d0d38e93705bd9283d5c45","abc@speed.app","","","","1030","1030","0","abc@speed.app","auto_refund",""
"2026-05-07T05:05:17.790Z","auto_refund_failed","e2da14b8e4d0d38e93705bd9283d5c45","abc@speed.app","","","","1030","0","1030","abc@speed.app","auto_refund","Request failed with status code 400"
"2026-05-07T05:05:17.121Z","auto_refund_requested","e2da14b8e4d0d38e93705bd9283d5c45","abc@speed.app","","","","1030","1030","0","abc@speed.app","auto_refund",""
"2026-05-07T05:00:17.796Z","auto_refund_failed","e2da14b8e4d0d38e93705bd9283d5c45","abc@speed.app","","","","1030","0","1030","abc@speed.app","auto_refund","Request failed with status code 400"
"2026-05-07T05:00:17.120Z","auto_refund_requested","e2da14b8e4d0d38e93705bd9283d5c45","abc@speed.app","","","","1030","1030","0","abc@speed.app","auto_refund",""
"2026-05-07T04:55:17.784Z","auto_refund_failed","e2da14b8e4d0d38e93705bd9283d5c45","abc@speed.app","","","","1030","0","1030","abc@speed.app","auto_refund","Request failed with status code 400"
"2026-05-07T04:55:17.120Z","auto_refund_requested","e2da14b8e4d0d38e93705bd9283d5c45","abc@speed.app","","","","1030","1030","0","abc@speed.app","auto_refund",""
"2026-05-07T04:50:17.917Z","auto_refund_failed","e2da14b8e4d0d38e93705bd9283d5c45","abc@speed.app","","","","1030","0","1030","abc@speed.app","auto_refund","Request failed with status code 400"
"2026-05-07T04:50:17.119Z","auto_refund_requested","e2da14b8e4d0d38e93705bd9283d5c45","abc@speed.app","","","","1030","1030","0","abc@speed.app","auto_refund",""
"2026-05-07T04:45:17.786Z","auto_refund_failed","e2da14b8e4d0d38e93705bd9283d5c45","abc@speed.app","","","","1030","0","1030","abc@speed.app","auto_refund","Request failed with status code 400"
"2026-05-07T04:45:17.119Z","auto_refund_requested","e2da14b8e4d0d38e93705bd9283d5c45","abc@speed.app","","","","1030","1030","0","abc@speed.app","auto_refund",""
"2026-05-07T04:39:17.900Z","auto_refund_failed","e2da14b8e4d0d38e93705bd9283d5c45","abc@speed.app","","","","1030","0","1030","abc@speed.app","auto_refund","Request failed with status code 400"
"2026-05-07T04:39:17.119Z","auto_refund_requested","e2da14b8e4d0d38e93705bd9283d5c45","abc@speed.app","","","","1030","1030","0","abc@speed.app","auto_refund",""
"2026-05-07T04:34:18.090Z","auto_refund_failed","e2da14b8e4d0d38e93705bd9283d5c45","abc@speed.app","","","","1030","0","1030","abc@speed.app","auto_refund","Request failed with status code 400"
"2026-05-07T04:34:17.118Z","auto_refund_requested","e2da14b8e4d0d38e93705bd9283d5c45","abc@speed.app","","","","1030","1030","0","abc@speed.app","auto_refund",""
"2026-05-07T04:29:17.776Z","auto_refund_failed","e2da14b8e4d0d38e93705bd9283d5c45","abc@speed.app","","","","1030","0","1030","abc@speed.app","auto_refund","Request failed with status code 400"
"2026-05-07T04:29:17.116Z","auto_refund_requested","e2da14b8e4d0d38e93705bd9283d5c45","abc@speed.app","","","","1030","1030","0","abc@speed.app","auto_refund",""
"2026-05-07T04:23:18.012Z","auto_refund_failed","e2da14b8e4d0d38e93705bd9283d5c45","abc@speed.app","","","","1030","0","1030","abc@speed.app","auto_refund","Request failed with status code 400"
"2026-05-07T04:23:17.117Z","auto_refund_requested","e2da14b8e4d0d38e93705bd9283d5c45","abc@speed.app","","","","1030","1030","0","abc@speed.app","auto_refund",""
"2026-05-07T04:18:17.969Z","auto_refund_failed","e2da14b8e4d0d38e93705bd9283d5c45","abc@speed.app","","","","1030","0","1030","abc@speed.app","auto_refund","Request failed with status code 400"
"2026-05-07T04:18:17.116Z","auto_refund_requested","e2da14b8e4d0d38e93705bd9283d5c45","abc@speed.app","","","","1030","1030","0","abc@speed.app","auto_refund",""
"2026-05-07T04:13:18.014Z","auto_refund_failed","e2da14b8e4d0d38e93705bd9283d5c45","abc@speed.app","","","","1030","0","1030","abc@speed.app","auto_refund","Request failed with status code 400"
"2026-05-07T04:13:17.115Z","auto_refund_requested","e2da14b8e4d0d38e93705bd9283d5c45","abc@speed.app","","","","1030","1030","0","abc@speed.app","auto_refund",""
"2026-05-07T04:08:17.878Z","auto_refund_failed","e2da14b8e4d0d38e93705bd9283d5c45","abc@speed.app","","","","1030","0","1030","abc@speed.app","auto_refund","Request failed with status code 400"
"2026-05-07T04:08:17.114Z","auto_refund_requested","e2da14b8e4d0d38e93705bd9283d5c45","abc@speed.app","","","","1030","1030","0","abc@speed.app","auto_refund",""
"2026-05-07T04:03:17.913Z","auto_refund_failed","e2da14b8e4d0d38e93705bd9283d5c45","abc@speed.app","","","","1030","0","1030","abc@speed.app","auto_refund","Request failed with status code 400"
"2026-05-07T04:03:17.110Z","auto_refund_requested","e2da14b8e4d0d38e93705bd9283d5c45","abc@speed.app","","","","1030","1030","0","abc@speed.app","auto_refund",""
"2026-05-07T03:58:17.745Z","auto_refund_failed","e2da14b8e4d0d38e93705bd9283d5c45","abc@speed.app","","","","1030","0","1030","abc@speed.app","auto_refund","Request failed with status code 400"
"2026-05-07T03:58:17.085Z","auto_refund_requested","e2da14b8e4d0d38e93705bd9283d5c45","abc@speed.app","","","","1030","1030","0","abc@speed.app","auto_refund",""
"2026-05-07T03:53:17.847Z","auto_refund_failed","e2da14b8e4d0d38e93705bd9283d5c45","abc@speed.app","","","","1030","0","1030","abc@speed.app","auto_refund","Request failed with status code 400"
"2026-05-07T03:53:17.063Z","auto_refund_requested","e2da14b8e4d0d38e93705bd9283d5c45","abc@speed.app","","","","1030","1030","0","abc@speed.app","auto_refund",""
"2026-05-07T03:48:17.724Z","auto_refund_failed","e2da14b8e4d0d38e93705bd9283d5c45","abc@speed.app","","","","1030","0","1030","abc@speed.app","auto_refund","Request failed with status code 400"
"2026-05-07T03:48:17.038Z","auto_refund_requested","e2da14b8e4d0d38e93705bd9283d5c45","abc@speed.app","","","","1030","1030","0","abc@speed.app","auto_refund",""
"2026-05-07T03:43:17.723Z","auto_refund_failed","e2da14b8e4d0d38e93705bd9283d5c45","abc@speed.app","","","","1030","0","1030","abc@speed.app","auto_refund","Request failed with status code 400"
"2026-05-07T03:43:17.013Z","auto_refund_requested","e2da14b8e4d0d38e93705bd9283d5c45","abc@speed.app","","","","1030","1030","0","abc@speed.app","auto_refund",""
"2026-05-07T03:38:17.781Z","auto_refund_failed","e2da14b8e4d0d38e93705bd9283d5c45","abc@speed.app","","","","1030","0","1030","abc@speed.app","auto_refund","Request failed with status code 400"
"2026-05-07T03:38:16.993Z","auto_refund_requested","e2da14b8e4d0d38e93705bd9283d5c45","abc@speed.app","","","","1030","1030","0","abc@speed.app","auto_refund",""
"2026-05-07T03:33:17.787Z","auto_refund_failed","e2da14b8e4d0d38e93705bd9283d5c45","abc@speed.app","","","","1030","0","1030","abc@speed.app","auto_refund","Request failed with status code 400"
"2026-05-07T03:33:16.971Z","auto_refund_requested","e2da14b8e4d0d38e93705bd9283d5c45","abc@speed.app","","","","1030","1030","0","abc@speed.app","auto_refund",""
"2026-05-07T03:28:17.634Z","auto_refund_failed","e2da14b8e4d0d38e93705bd9283d5c45","abc@speed.app","","","","1030","0","1030","abc@speed.app","auto_refund","Request failed with status code 400"
"2026-05-07T03:28:16.947Z","auto_refund_requested","e2da14b8e4d0d38e93705bd9283d5c45","abc@speed.app","","","","1030","1030","0","abc@speed.app","auto_refund",""
"2026-05-07T03:23:17.637Z","auto_refund_failed","e2da14b8e4d0d38e93705bd9283d5c45","abc@speed.app","","","","1030","0","1030","abc@speed.app","auto_refund","Request failed with status code 400"
"2026-05-07T03:23:16.922Z","auto_refund_requested","e2da14b8e4d0d38e93705bd9283d5c45","abc@speed.app","","","","1030","1030","0","abc@speed.app","auto_refund",""
"2026-05-07T03:18:17.647Z","auto_refund_failed","e2da14b8e4d0d38e93705bd9283d5c45","abc@speed.app","","","","1030","0","1030","abc@speed.app","auto_refund","Request failed with status code 400"
"2026-05-07T03:18:16.897Z","auto_refund_requested","e2da14b8e4d0d38e93705bd9283d5c45","abc@speed.app","","","","1030","1030","0","abc@speed.app","auto_refund",""
"2026-05-07T03:13:17.595Z","auto_refund_failed","e2da14b8e4d0d38e93705bd9283d5c45","abc@speed.app","","","","1030","0","1030","abc@speed.app","auto_refund","Request failed with status code 400"
"2026-05-07T03:13:16.874Z","auto_refund_requested","e2da14b8e4d0d38e93705bd9283d5c45","abc@speed.app","","","","1030","1030","0","abc@speed.app","auto_refund",""
"2026-05-07T03:08:17.553Z","auto_refund_failed","e2da14b8e4d0d38e93705bd9283d5c45","abc@speed.app","","","","1030","0","1030","abc@speed.app","auto_refund","Request failed with status code 400"
"2026-05-07T03:08:16.852Z","auto_refund_requested","e2da14b8e4d0d38e93705bd9283d5c45","abc@speed.app","","","","1030","1030","0","abc@speed.app","auto_refund",""
"2026-05-07T03:03:17.708Z","auto_refund_failed","e2da14b8e4d0d38e93705bd9283d5c45","abc@speed.app","","","","1030","0","1030","abc@speed.app","auto_refund","Request failed with status code 400"
"2026-05-07T03:03:16.828Z","auto_refund_requested","e2da14b8e4d0d38e93705bd9283d5c45","abc@speed.app","","","","1030","1030","0","abc@speed.app","auto_refund",""
"2026-05-07T02:58:17.539Z","auto_refund_failed","e2da14b8e4d0d38e93705bd9283d5c45","abc@speed.app","","","","1030","0","1030","abc@speed.app","auto_refund","Request failed with status code 400"
"2026-05-07T02:58:16.803Z","auto_refund_requested","e2da14b8e4d0d38e93705bd9283d5c45","abc@speed.app","","","","1030","1030","0","abc@speed.app","auto_refund",""
"2026-05-07T02:53:17.446Z","auto_refund_failed","e2da14b8e4d0d38e93705bd9283d5c45","abc@speed.app","","","","1030","0","1030","abc@speed.app","auto_refund","Request failed with status code 400"
"2026-05-07T02:53:16.786Z","auto_refund_requested","e2da14b8e4d0d38e93705bd9283d5c45","abc@speed.app","","","","1030","1030","0","abc@speed.app","auto_refund",""
"2026-05-07T02:48:17.560Z","auto_refund_failed","e2da14b8e4d0d38e93705bd9283d5c45","abc@speed.app","","","","1030","0","1030","abc@speed.app","auto_refund","Request failed with status code 400"
"2026-05-07T02:48:16.768Z","auto_refund_requested","e2da14b8e4d0d38e93705bd9283d5c45","abc@speed.app","","","","1030","1030","0","abc@speed.app","auto_refund",""
"2026-05-07T02:43:17.484Z","auto_refund_failed","e2da14b8e4d0d38e93705bd9283d5c45","abc@speed.app","","","","1030","0","1030","abc@speed.app","auto_refund","Request failed with status code 400"
"2026-05-07T02:43:16.746Z","auto_refund_requested","e2da14b8e4d0d38e93705bd9283d5c45","abc@speed.app","","","","1030","1030","0","abc@speed.app","auto_refund",""
"2026-05-07T02:38:17.844Z","auto_refund_failed","e2da14b8e4d0d38e93705bd9283d5c45","abc@speed.app","","","","1030","0","1030","abc@speed.app","auto_refund","Request failed with status code 400"
"2026-05-07T02:38:16.727Z","auto_refund_requested","e2da14b8e4d0d38e93705bd9283d5c45","abc@speed.app","","","","1030","1030","0","abc@speed.app","auto_refund",""
"2026-05-07T02:33:17.404Z","auto_refund_failed","e2da14b8e4d0d38e93705bd9283d5c45","abc@speed.app","","","","1030","0","1030","abc@speed.app","auto_refund","Request failed with status code 400"
"2026-05-07T02:33:16.704Z","auto_refund_requested","e2da14b8e4d0d38e93705bd9283d5c45","abc@speed.app","","","","1030","1030","0","abc@speed.app","auto_refund",""
"2026-05-07T02:28:17.562Z","auto_refund_failed","e2da14b8e4d0d38e93705bd9283d5c45","abc@speed.app","","","","1030","0","1030","abc@speed.app","auto_refund","Request failed with status code 400"
"2026-05-07T02:28:16.683Z","auto_refund_requested","e2da14b8e4d0d38e93705bd9283d5c45","abc@speed.app","","","","1030","1030","0","abc@speed.app","auto_refund",""
"2026-05-07T02:23:17.500Z","auto_refund_failed","e2da14b8e4d0d38e93705bd9283d5c45","abc@speed.app","","","","1030","0","1030","abc@speed.app","auto_refund","Request failed with status code 400"
"2026-05-07T02:23:16.658Z","auto_refund_requested","e2da14b8e4d0d38e93705bd9283d5c45","abc@speed.app","","","","1030","1030","0","abc@speed.app","auto_refund",""
"2026-05-07T02:18:17.314Z","auto_refund_failed","e2da14b8e4d0d38e93705bd9283d5c45","abc@speed.app","","","","1030","0","1030","abc@speed.app","auto_refund","Request failed with status code 400"
"2026-05-07T02:18:16.636Z","auto_refund_requested","e2da14b8e4d0d38e93705bd9283d5c45","abc@speed.app","","","","1030","1030","0","abc@speed.app","auto_refund",""
"2026-05-07T02:13:17.376Z","auto_refund_failed","e2da14b8e4d0d38e93705bd9283d5c45","abc@speed.app","","","","1030","0","1030","abc@speed.app","auto_refund","Request failed with status code 400"
"2026-05-07T02:13:16.613Z","auto_refund_requested","e2da14b8e4d0d38e93705bd9283d5c45","abc@speed.app","","","","1030","1030","0","abc@speed.app","auto_refund",""
"2026-05-07T02:08:17.467Z","auto_refund_failed","e2da14b8e4d0d38e93705bd9283d5c45","abc@speed.app","","","","1030","0","1030","abc@speed.app","auto_refund","Request failed with status code 400"
"2026-05-07T02:08:16.591Z","auto_refund_requested","e2da14b8e4d0d38e93705bd9283d5c45","abc@speed.app","","","","1030","1030","0","abc@speed.app","auto_refund",""
"2026-05-07T02:03:17.312Z","auto_refund_failed","e2da14b8e4d0d38e93705bd9283d5c45","abc@speed.app","","","","1030","0","1030","abc@speed.app","auto_refund","Request failed with status code 400"
"2026-05-07T02:03:16.568Z","auto_refund_requested","e2da14b8e4d0d38e93705bd9283d5c45","abc@speed.app","","","","1030","1030","0","abc@speed.app","auto_refund",""
"2026-05-07T01:58:17.324Z","auto_refund_failed","e2da14b8e4d0d38e93705bd9283d5c45","abc@speed.app","","","","1030","0","1030","abc@speed.app","auto_refund","Request failed with status code 400"
"2026-05-07T01:58:16.546Z","auto_refund_requested","e2da14b8e4d0d38e93705bd9283d5c45","abc@speed.app","","","","1030","1030","0","abc@speed.app","auto_refund",""
"2026-05-07T01:53:17.300Z","auto_refund_failed","e2da14b8e4d0d38e93705bd9283d5c45","abc@speed.app","","","","1030","0","1030","abc@speed.app","auto_refund","Request failed with status code 400"
"2026-05-07T01:53:16.525Z","auto_refund_requested","e2da14b8e4d0d38e93705bd9283d5c45","abc@speed.app","","","","1030","1030","0","abc@speed.app","auto_refund",""
"2026-05-07T01:48:17.280Z","auto_refund_failed","e2da14b8e4d0d38e93705bd9283d5c45","abc@speed.app","","","","1030","0","1030","abc@speed.app","auto_refund","Request failed with status code 400"
"2026-05-07T01:48:16.506Z","auto_refund_requested","e2da14b8e4d0d38e93705bd9283d5c45","abc@speed.app","","","","1030","1030","0","abc@speed.app","auto_refund",""
"2026-05-07T01:43:17.235Z","auto_refund_failed","e2da14b8e4d0d38e93705bd9283d5c45","abc@speed.app","","","","1030","0","1030","abc@speed.app","auto_refund","Request failed with status code 400"
"2026-05-07T01:43:16.486Z","auto_refund_requested","e2da14b8e4d0d38e93705bd9283d5c45","abc@speed.app","","","","1030","1030","0","abc@speed.app","auto_refund",""
"2026-05-07T01:38:17.279Z","auto_refund_failed","e2da14b8e4d0d38e93705bd9283d5c45","abc@speed.app","","","","1030","0","1030","abc@speed.app","auto_refund","Request failed with status code 400"
"2026-05-07T01:38:16.466Z","auto_refund_requested","e2da14b8e4d0d38e93705bd9283d5c45","abc@speed.app","","","","1030","1030","0","abc@speed.app","auto_refund",""
"2026-05-07T01:33:17.232Z","auto_refund_failed","e2da14b8e4d0d38e93705bd9283d5c45","abc@speed.app","","","","1030","0","1030","abc@speed.app","auto_refund","Request failed with status code 400"
"2026-05-07T01:33:16.441Z","auto_refund_requested","e2da14b8e4d0d38e93705bd9283d5c45","abc@speed.app","","","","1030","1030","0","abc@speed.app","auto_refund",""
"2026-05-07T01:28:17.138Z","auto_refund_failed","e2da14b8e4d0d38e93705bd9283d5c45","abc@speed.app","","","","1030","0","1030","abc@speed.app","auto_refund","Request failed with status code 400"
"2026-05-07T01:28:16.421Z","auto_refund_requested","e2da14b8e4d0d38e93705bd9283d5c45","abc@speed.app","","","","1030","1030","0","abc@speed.app","auto_refund",""
"2026-05-07T01:23:17.098Z","auto_refund_failed","e2da14b8e4d0d38e93705bd9283d5c45","abc@speed.app","","","","1030","0","1030","abc@speed.app","auto_refund","Request failed with status code 400"
"2026-05-07T01:23:16.403Z","auto_refund_requested","e2da14b8e4d0d38e93705bd9283d5c45","abc@speed.app","","","","1030","1030","0","abc@speed.app","auto_refund",""
"2026-05-07T01:18:17.427Z","auto_refund_failed","e2da14b8e4d0d38e93705bd9283d5c45","abc@speed.app","","","","1030","0","1030","abc@speed.app","auto_refund","Request failed with status code 400"
"2026-05-07T01:18:16.380Z","auto_refund_requested","e2da14b8e4d0d38e93705bd9283d5c45","abc@speed.app","","","","1030","1030","0","abc@speed.app","auto_refund",""
"2026-05-07T01:13:17.085Z","auto_refund_failed","e2da14b8e4d0d38e93705bd9283d5c45","abc@speed.app","","","","1030","0","1030","abc@speed.app","auto_refund","Request failed with status code 400"
"2026-05-07T01:13:16.360Z","auto_refund_requested","e2da14b8e4d0d38e93705bd9283d5c45","abc@speed.app","","","","1030","1030","0","abc@speed.app","auto_refund",""
"2026-05-07T01:08:17.164Z","auto_refund_failed","e2da14b8e4d0d38e93705bd9283d5c45","abc@speed.app","","","","1030","0","1030","abc@speed.app","auto_refund","Request failed with status code 400"
"2026-05-07T01:08:16.337Z","auto_refund_requested","e2da14b8e4d0d38e93705bd9283d5c45","abc@speed.app","","","","1030","1030","0","abc@speed.app","auto_refund",""
"2026-05-07T01:03:17.113Z","auto_refund_failed","e2da14b8e4d0d38e93705bd9283d5c45","abc@speed.app","","","","1030","0","1030","abc@speed.app","auto_refund","Request failed with status code 400"
"2026-05-07T01:03:16.316Z","auto_refund_requested","e2da14b8e4d0d38e93705bd9283d5c45","abc@speed.app","","","","1030","1030","0","abc@speed.app","auto_refund",""
"2026-05-07T00:58:17.134Z","auto_refund_failed","e2da14b8e4d0d38e93705bd9283d5c45","abc@speed.app","","","","1030","0","1030","abc@speed.app","auto_refund","Request failed with status code 400"
"2026-05-07T00:58:16.297Z","auto_refund_requested","e2da14b8e4d0d38e93705bd9283d5c45","abc@speed.app","","","","1030","1030","0","abc@speed.app","auto_refund",""
"2026-05-07T00:53:17.039Z","auto_refund_failed","e2da14b8e4d0d38e93705bd9283d5c45","abc@speed.app","","","","1030","0","1030","abc@speed.app","auto_refund","Request failed with status code 400"
"2026-05-07T00:53:16.279Z","auto_refund_requested","e2da14b8e4d0d38e93705bd9283d5c45","abc@speed.app","","","","1030","1030","0","abc@speed.app","auto_refund",""
"2026-05-07T00:48:17.083Z","auto_refund_failed","e2da14b8e4d0d38e93705bd9283d5c45","abc@speed.app","","","","1030","0","1030","abc@speed.app","auto_refund","Request failed with status code 400"
"2026-05-07T00:48:16.258Z","auto_refund_requested","e2da14b8e4d0d38e93705bd9283d5c45","abc@speed.app","","","","1030","1030","0","abc@speed.app","auto_refund",""
"2026-05-07T00:43:17.033Z","auto_refund_failed","e2da14b8e4d0d38e93705bd9283d5c45","abc@speed.app","","","","1030","0","1030","abc@speed.app","auto_refund","Request failed with status code 400"
"2026-05-07T00:43:16.236Z","auto_refund_requested","e2da14b8e4d0d38e93705bd9283d5c45","abc@speed.app","","","","1030","1030","0","abc@speed.app","auto_refund",""
"2026-05-07T00:38:16.917Z","auto_refund_failed","e2da14b8e4d0d38e93705bd9283d5c45","abc@speed.app","","","","1030","0","1030","abc@speed.app","auto_refund","Request failed with status code 400"
"2026-05-07T00:38:16.216Z","auto_refund_requested","e2da14b8e4d0d38e93705bd9283d5c45","abc@speed.app","","","","1030","1030","0","abc@speed.app","auto_refund",""
"2026-05-07T00:33:16.934Z","auto_refund_failed","e2da14b8e4d0d38e93705bd9283d5c45","abc@speed.app","","","","1030","0","1030","abc@speed.app","auto_refund","Request failed with status code 400"
"2026-05-07T00:33:16.195Z","auto_refund_requested","e2da14b8e4d0d38e93705bd9283d5c45","abc@speed.app","","","","1030","1030","0","abc@speed.app","auto_refund",""
"2026-05-07T00:28:17.027Z","auto_refund_failed","e2da14b8e4d0d38e93705bd9283d5c45","abc@speed.app","","","","1030","0","1030","abc@speed.app","auto_refund","Request failed with status code 400"
"2026-05-07T00:28:16.175Z","auto_refund_requested","e2da14b8e4d0d38e93705bd9283d5c45","abc@speed.app","","","","1030","1030","0","abc@speed.app","auto_refund",""
"2026-05-07T00:23:17.129Z","auto_refund_failed","e2da14b8e4d0d38e93705bd9283d5c45","abc@speed.app","","","","1030","0","1030","abc@speed.app","auto_refund","Request failed with status code 400"
"2026-05-07T00:23:16.158Z","auto_refund_requested","e2da14b8e4d0d38e93705bd9283d5c45","abc@speed.app","","","","1030","1030","0","abc@speed.app","auto_refund",""
"2026-05-07T00:18:16.974Z","auto_refund_failed","e2da14b8e4d0d38e93705bd9283d5c45","abc@speed.app","","","","1030","0","1030","abc@speed.app","auto_refund","Request failed with status code 400"
"2026-05-07T00:18:16.138Z","auto_refund_requested","e2da14b8e4d0d38e93705bd9283d5c45","abc@speed.app","","","","1030","1030","0","abc@speed.app","auto_refund",""
"2026-05-07T00:13:16.872Z","auto_refund_failed","e2da14b8e4d0d38e93705bd9283d5c45","abc@speed.app","","","","1030","0","1030","abc@speed.app","auto_refund","Request failed with status code 400"
"2026-05-07T00:13:16.118Z","auto_refund_requested","e2da14b8e4d0d38e93705bd9283d5c45","abc@speed.app","","","","1030","1030","0","abc@speed.app","auto_refund",""
"2026-05-07T00:08:16.835Z","auto_refund_failed","e2da14b8e4d0d38e93705bd9283d5c45","abc@speed.app","","","","1030","0","1030","abc@speed.app","auto_refund","Request failed with status code 400"
"2026-05-07T00:08:16.098Z","auto_refund_requested","e2da14b8e4d0d38e93705bd9283d5c45","abc@speed.app","","","","1030","1030","0","abc@speed.app","auto_refund",""
"2026-05-07T00:03:16.833Z","auto_refund_failed","e2da14b8e4d0d38e93705bd9283d5c45","abc@speed.app","","","","1030","0","1030","abc@speed.app","auto_refund","Request failed with status code 400"
"2026-05-07T00:03:16.081Z","auto_refund_requested","e2da14b8e4d0d38e93705bd9283d5c45","abc@speed.app","","","","1030","1030","0","abc@speed.app","auto_refund",""
"2026-05-06T23:58:16.941Z","auto_refund_failed","e2da14b8e4d0d38e93705bd9283d5c45","abc@speed.app","","","","1030","0","1030","abc@speed.app","auto_refund","Request failed with status code 400"
"2026-05-06T23:58:16.060Z","auto_refund_requested","e2da14b8e4d0d38e93705bd9283d5c45","abc@speed.app","","","","1030","1030","0","abc@speed.app","auto_refund",""
"2026-05-06T23:53:16.736Z","auto_refund_failed","e2da14b8e4d0d38e93705bd9283d5c45","abc@speed.app","","","","1030","0","1030","abc@speed.app","auto_refund","Request failed with status code 400"
"2026-05-06T23:53:16.040Z","auto_refund_requested","e2da14b8e4d0d38e93705bd9283d5c45","abc@speed.app","","","","1030","1030","0","abc@speed.app","auto_refund",""
"2026-05-06T23:48:16.770Z","auto_refund_failed","e2da14b8e4d0d38e93705bd9283d5c45","abc@speed.app","","","","1030","0","1030","abc@speed.app","auto_refund","Request failed with status code 400"
"2026-05-06T23:48:16.021Z","auto_refund_requested","e2da14b8e4d0d38e93705bd9283d5c45","abc@speed.app","","","","1030","1030","0","abc@speed.app","auto_refund",""
"2026-05-06T23:43:16.700Z","auto_refund_failed","e2da14b8e4d0d38e93705bd9283d5c45","abc@speed.app","","","","1030","0","1030","abc@speed.app","auto_refund","Request failed with status code 400"
"2026-05-06T23:43:16.003Z","auto_refund_requested","e2da14b8e4d0d38e93705bd9283d5c45","abc@speed.app","","","","1030","1030","0","abc@speed.app","auto_refund",""
"2026-05-06T23:38:16.729Z","auto_refund_failed","e2da14b8e4d0d38e93705bd9283d5c45","abc@speed.app","","","","1030","0","1030","abc@speed.app","auto_refund","Request failed with status code 400"
"2026-05-06T23:38:15.983Z","auto_refund_requested","e2da14b8e4d0d38e93705bd9283d5c45","abc@speed.app","","","","1030","1030","0","abc@speed.app","auto_refund",""
"2026-05-06T23:33:16.755Z","auto_refund_failed","e2da14b8e4d0d38e93705bd9283d5c45","abc@speed.app","","","","1030","0","1030","abc@speed.app","auto_refund","Request failed with status code 400"
"2026-05-06T23:33:15.963Z","auto_refund_requested","e2da14b8e4d0d38e93705bd9283d5c45","abc@speed.app","","","","1030","1030","0","abc@speed.app","auto_refund",""
"2026-05-06T23:28:16.955Z","auto_refund_failed","e2da14b8e4d0d38e93705bd9283d5c45","abc@speed.app","","","","1030","0","1030","abc@speed.app","auto_refund","Request failed with status code 400"
"2026-05-06T23:28:15.945Z","auto_refund_requested","e2da14b8e4d0d38e93705bd9283d5c45","abc@speed.app","","","","1030","1030","0","abc@speed.app","auto_refund",""
"2026-05-06T23:23:16.702Z","auto_refund_failed","e2da14b8e4d0d38e93705bd9283d5c45","abc@speed.app","","","","1030","0","1030","abc@speed.app","auto_refund","Request failed with status code 400"
"2026-05-06T23:23:15.927Z","auto_refund_requested","e2da14b8e4d0d38e93705bd9283d5c45","abc@speed.app","","","","1030","1030","0","abc@speed.app","auto_refund",""
"2026-05-06T23:18:16.857Z","auto_refund_failed","e2da14b8e4d0d38e93705bd9283d5c45","abc@speed.app","","","","1030","0","1030","abc@speed.app","auto_refund","Request failed with status code 400"
"2026-05-06T23:18:15.909Z","auto_refund_requested","e2da14b8e4d0d38e93705bd9283d5c45","abc@speed.app","","","","1030","1030","0","abc@speed.app","auto_refund",""
"2026-05-06T23:13:16.703Z","auto_refund_failed","e2da14b8e4d0d38e93705bd9283d5c45","abc@speed.app","","","","1030","0","1030","abc@speed.app","auto_refund","Request failed with status code 400"
"2026-05-06T23:13:15.891Z","auto_refund_requested","e2da14b8e4d0d38e93705bd9283d5c45","abc@speed.app","","","","1030","1030","0","abc@speed.app","auto_refund",""
"2026-05-06T23:08:16.607Z","auto_refund_failed","e2da14b8e4d0d38e93705bd9283d5c45","abc@speed.app","","","","1030","0","1030","abc@speed.app","auto_refund","Request failed with status code 400"
"2026-05-06T23:08:15.867Z","auto_refund_requested","e2da14b8e4d0d38e93705bd9283d5c45","abc@speed.app","","","","1030","1030","0","abc@speed.app","auto_refund",""
"2026-05-06T23:03:16.622Z","auto_refund_failed","e2da14b8e4d0d38e93705bd9283d5c45","abc@speed.app","","","","1030","0","1030","abc@speed.app","auto_refund","Request failed with status code 400"
"2026-05-06T23:03:15.850Z","auto_refund_requested","e2da14b8e4d0d38e93705bd9283d5c45","abc@speed.app","","","","1030","1030","0","abc@speed.app","auto_refund",""
"2026-05-06T22:58:16.564Z","auto_refund_failed","e2da14b8e4d0d38e93705bd9283d5c45","abc@speed.app","","","","1030","0","1030","abc@speed.app","auto_refund","Request failed with status code 400"
"2026-05-06T22:58:15.833Z","auto_refund_requested","e2da14b8e4d0d38e93705bd9283d5c45","abc@speed.app","","","","1030","1030","0","abc@speed.app","auto_refund",""
"2026-05-06T22:53:16.526Z","auto_refund_failed","e2da14b8e4d0d38e93705bd9283d5c45","abc@speed.app","","","","1030","0","1030","abc@speed.app","auto_refund","Request failed with status code 400"
"2026-05-06T22:53:15.819Z","auto_refund_requested","e2da14b8e4d0d38e93705bd9283d5c45","abc@speed.app","","","","1030","1030","0","abc@speed.app","auto_refund",""
"2026-05-06T22:48:16.635Z","auto_refund_failed","e2da14b8e4d0d38e93705bd9283d5c45","abc@speed.app","","","","1030","0","1030","abc@speed.app","auto_refund","Request failed with status code 400"
"2026-05-06T22:48:15.799Z","auto_refund_requested","e2da14b8e4d0d38e93705bd9283d5c45","abc@speed.app","","","","1030","1030","0","abc@speed.app","auto_refund",""
"2026-05-06T22:43:16.592Z","auto_refund_failed","e2da14b8e4d0d38e93705bd9283d5c45","abc@speed.app","","","","1030","0","1030","abc@speed.app","auto_refund","Request failed with status code 400"
"2026-05-06T22:43:15.783Z","auto_refund_requested","e2da14b8e4d0d38e93705bd9283d5c45","abc@speed.app","","","","1030","1030","0","abc@speed.app","auto_refund",""
"2026-05-06T22:38:16.524Z","auto_refund_failed","e2da14b8e4d0d38e93705bd9283d5c45","abc@speed.app","","","","1030","0","1030","abc@speed.app","auto_refund","Request failed with status code 400"
"2026-05-06T22:38:15.767Z","auto_refund_requested","e2da14b8e4d0d38e93705bd9283d5c45","abc@speed.app","","","","1030","1030","0","abc@speed.app","auto_refund",""
"2026-05-06T22:33:16.523Z","auto_refund_failed","e2da14b8e4d0d38e93705bd9283d5c45","abc@speed.app","","","","1030","0","1030","abc@speed.app","auto_refund","Request failed with status code 400"
"2026-05-06T22:33:15.751Z","auto_refund_requested","e2da14b8e4d0d38e93705bd9283d5c45","abc@speed.app","","","","1030","1030","0","abc@speed.app","auto_refund",""
"2026-05-06T22:28:16.394Z","auto_refund_failed","e2da14b8e4d0d38e93705bd9283d5c45","abc@speed.app","","","","1030","0","1030","abc@speed.app","auto_refund","Request failed with status code 400"
"2026-05-06T22:28:15.731Z","auto_refund_requested","e2da14b8e4d0d38e93705bd9283d5c45","abc@speed.app","","","","1030","1030","0","abc@speed.app","auto_refund",""
"2026-05-06T22:23:16.555Z","auto_refund_failed","e2da14b8e4d0d38e93705bd9283d5c45","abc@speed.app","","","","1030","0","1030","abc@speed.app","auto_refund","Request failed with status code 400"
"2026-05-06T22:23:15.713Z","auto_refund_requested","e2da14b8e4d0d38e93705bd9283d5c45","abc@speed.app","","","","1030","1030","0","abc@speed.app","auto_refund",""
"2026-05-06T22:18:16.471Z","auto_refund_failed","e2da14b8e4d0d38e93705bd9283d5c45","abc@speed.app","","","","1030","0","1030","abc@speed.app","auto_refund","Request failed with status code 400"
"2026-05-06T22:18:15.697Z","auto_refund_requested","e2da14b8e4d0d38e93705bd9283d5c45","abc@speed.app","","","","1030","1030","0","abc@speed.app","auto_refund",""
"2026-05-06T22:13:16.429Z","auto_refund_failed","e2da14b8e4d0d38e93705bd9283d5c45","abc@speed.app","","","","1030","0","1030","abc@speed.app","auto_refund","Request failed with status code 400"
"2026-05-06T22:13:15.685Z","auto_refund_requested","e2da14b8e4d0d38e93705bd9283d5c45","abc@speed.app","","","","1030","1030","0","abc@speed.app","auto_refund",""
"2026-05-06T22:08:16.361Z","auto_refund_failed","e2da14b8e4d0d38e93705bd9283d5c45","abc@speed.app","","","","1030","0","1030","abc@speed.app","auto_refund","Request failed with status code 400"
"2026-05-06T22:08:15.671Z","auto_refund_requested","e2da14b8e4d0d38e93705bd9283d5c45","abc@speed.app","","","","1030","1030","0","abc@speed.app","auto_refund",""
"2026-05-06T22:03:16.375Z","auto_refund_failed","e2da14b8e4d0d38e93705bd9283d5c45","abc@speed.app","","","","1030","0","1030","abc@speed.app","auto_refund","Request failed with status code 400"
"2026-05-06T22:03:15.655Z","auto_refund_requested","e2da14b8e4d0d38e93705bd9283d5c45","abc@speed.app","","","","1030","1030","0","abc@speed.app","auto_refund",""
"2026-05-06T21:58:16.349Z","auto_refund_failed","e2da14b8e4d0d38e93705bd9283d5c45","abc@speed.app","","","","1030","0","1030","abc@speed.app","auto_refund","Request failed with status code 400"
"2026-05-06T21:58:15.638Z","auto_refund_requested","e2da14b8e4d0d38e93705bd9283d5c45","abc@speed.app","","","","1030","1030","0","abc@speed.app","auto_refund",""
"2026-05-06T21:53:16.332Z","auto_refund_failed","e2da14b8e4d0d38e93705bd9283d5c45","abc@speed.app","","","","1030","0","1030","abc@speed.app","auto_refund","Request failed with status code 400"
"2026-05-06T21:53:15.622Z","auto_refund_requested","e2da14b8e4d0d38e93705bd9283d5c45","abc@speed.app","","","","1030","1030","0","abc@speed.app","auto_refund",""
"2026-05-06T21:48:16.410Z","auto_refund_failed","e2da14b8e4d0d38e93705bd9283d5c45","abc@speed.app","","","","1030","0","1030","abc@speed.app","auto_refund","Request failed with status code 400"
"2026-05-06T21:48:15.606Z","auto_refund_requested","e2da14b8e4d0d38e93705bd9283d5c45","abc@speed.app","","","","1030","1030","0","abc@speed.app","auto_refund",""
"2026-05-06T21:43:16.393Z","auto_refund_failed","e2da14b8e4d0d38e93705bd9283d5c45","abc@speed.app","","","","1030","0","1030","abc@speed.app","auto_refund","Request failed with status code 400"
"2026-05-06T21:43:15.588Z","auto_refund_requested","e2da14b8e4d0d38e93705bd9283d5c45","abc@speed.app","","","","1030","1030","0","abc@speed.app","auto_refund",""
"2026-05-06T21:38:16.343Z","auto_refund_failed","e2da14b8e4d0d38e93705bd9283d5c45","abc@speed.app","","","","1030","0","1030","abc@speed.app","auto_refund","Request failed with status code 400"
"2026-05-06T21:38:15.573Z","auto_refund_requested","e2da14b8e4d0d38e93705bd9283d5c45","abc@speed.app","","","","1030","1030","0","abc@speed.app","auto_refund",""
"2026-05-06T21:33:16.354Z","auto_refund_failed","e2da14b8e4d0d38e93705bd9283d5c45","abc@speed.app","","","","1030","0","1030","abc@speed.app","auto_refund","Request failed with status code 400"
"2026-05-06T21:33:15.552Z","auto_refund_requested","e2da14b8e4d0d38e93705bd9283d5c45","abc@speed.app","","","","1030","1030","0","abc@speed.app","auto_refund",""
"2026-05-06T21:28:16.338Z","auto_refund_failed","e2da14b8e4d0d38e93705bd9283d5c45","abc@speed.app","","","","1030","0","1030","abc@speed.app","auto_refund","Request failed with status code 400"
"2026-05-06T21:28:15.535Z","auto_refund_requested","e2da14b8e4d0d38e93705bd9283d5c45","abc@speed.app","","","","1030","1030","0","abc@speed.app","auto_refund",""
"2026-05-06T21:23:16.267Z","auto_refund_failed","e2da14b8e4d0d38e93705bd9283d5c45","abc@speed.app","","","","1030","0","1030","abc@speed.app","auto_refund","Request failed with status code 400"
"2026-05-06T21:23:15.518Z","auto_refund_requested","e2da14b8e4d0d38e93705bd9283d5c45","abc@speed.app","","","","1030","1030","0","abc@speed.app","auto_refund",""
"2026-05-06T21:18:16.210Z","auto_refund_failed","e2da14b8e4d0d38e93705bd9283d5c45","abc@speed.app","","","","1030","0","1030","abc@speed.app","auto_refund","Request failed with status code 400"
"2026-05-06T21:18:15.501Z","auto_refund_requested","e2da14b8e4d0d38e93705bd9283d5c45","abc@speed.app","","","","1030","1030","0","abc@speed.app","auto_refund",""
"2026-05-06T21:13:16.239Z","auto_refund_failed","e2da14b8e4d0d38e93705bd9283d5c45","abc@speed.app","","","","1030","0","1030","abc@speed.app","auto_refund","Request failed with status code 400"
"2026-05-06T21:13:15.485Z","auto_refund_requested","e2da14b8e4d0d38e93705bd9283d5c45","abc@speed.app","","","","1030","1030","0","abc@speed.app","auto_refund",""
"2026-05-06T21:08:16.258Z","auto_refund_failed","e2da14b8e4d0d38e93705bd9283d5c45","abc@speed.app","","","","1030","0","1030","abc@speed.app","auto_refund","Request failed with status code 400"
"2026-05-06T21:08:15.471Z","auto_refund_requested","e2da14b8e4d0d38e93705bd9283d5c45","abc@speed.app","","","","1030","1030","0","abc@speed.app","auto_refund",""
"2026-05-06T21:03:16.268Z","auto_refund_failed","e2da14b8e4d0d38e93705bd9283d5c45","abc@speed.app","","","","1030","0","1030","abc@speed.app","auto_refund","Request failed with status code 400"
"2026-05-06T21:03:15.453Z","auto_refund_requested","e2da14b8e4d0d38e93705bd9283d5c45","abc@speed.app","","","","1030","1030","0","abc@speed.app","auto_refund",""
"2026-05-06T20:58:16.244Z","auto_refund_failed","e2da14b8e4d0d38e93705bd9283d5c45","abc@speed.app","","","","1030","0","1030","abc@speed.app","auto_refund","Request failed with status code 400"
"2026-05-06T20:58:15.437Z","auto_refund_requested","e2da14b8e4d0d38e93705bd9283d5c45","abc@speed.app","","","","1030","1030","0","abc@speed.app","auto_refund",""
"2026-05-06T20:53:16.147Z","auto_refund_failed","e2da14b8e4d0d38e93705bd9283d5c45","abc@speed.app","","","","1030","0","1030","abc@speed.app","auto_refund","Request failed with status code 400"
"2026-05-06T20:53:15.421Z","auto_refund_requested","e2da14b8e4d0d38e93705bd9283d5c45","abc@speed.app","","","","1030","1030","0","abc@speed.app","auto_refund",""
"2026-05-06T20:48:16.258Z","auto_refund_failed","e2da14b8e4d0d38e93705bd9283d5c45","abc@speed.app","","","","1030","0","1030","abc@speed.app","auto_refund","Request failed with status code 400"
"2026-05-06T20:48:15.404Z","auto_refund_requested","e2da14b8e4d0d38e93705bd9283d5c45","abc@speed.app","","","","1030","1030","0","abc@speed.app","auto_refund",""
"2026-05-06T20:43:16.187Z","auto_refund_failed","e2da14b8e4d0d38e93705bd9283d5c45","abc@speed.app","","","","1030","0","1030","abc@speed.app","auto_refund","Request failed with status code 400"
"2026-05-06T20:43:15.387Z","auto_refund_requested","e2da14b8e4d0d38e93705bd9283d5c45","abc@speed.app","","","","1030","1030","0","abc@speed.app","auto_refund",""
"2026-05-06T20:38:16.264Z","auto_refund_failed","e2da14b8e4d0d38e93705bd9283d5c45","abc@speed.app","","","","1030","0","1030","abc@speed.app","auto_refund","Request failed with status code 400"
"2026-05-06T20:38:15.372Z","auto_refund_requested","e2da14b8e4d0d38e93705bd9283d5c45","abc@speed.app","","","","1030","1030","0","abc@speed.app","auto_refund",""
"2026-05-06T20:33:16.128Z","auto_refund_failed","e2da14b8e4d0d38e93705bd9283d5c45","abc@speed.app","","","","1030","0","1030","abc@speed.app","auto_refund","Request failed with status code 400"
"2026-05-06T20:33:15.362Z","auto_refund_requested","e2da14b8e4d0d38e93705bd9283d5c45","abc@speed.app","","","","1030","1030","0","abc@speed.app","auto_refund",""
"2026-05-06T20:28:16.241Z","auto_refund_failed","e2da14b8e4d0d38e93705bd9283d5c45","abc@speed.app","","","","1030","0","1030","abc@speed.app","auto_refund","Request failed with status code 400"
"2026-05-06T20:28:15.348Z","auto_refund_requested","e2da14b8e4d0d38e93705bd9283d5c45","abc@speed.app","","","","1030","1030","0","abc@speed.app","auto_refund",""
"2026-05-06T20:23:16.121Z","auto_refund_failed","e2da14b8e4d0d38e93705bd9283d5c45","abc@speed.app","","","","1030","0","1030","abc@speed.app","auto_refund","Request failed with status code 400"
"2026-05-06T20:23:15.339Z","auto_refund_requested","e2da14b8e4d0d38e93705bd9283d5c45","abc@speed.app","","","","1030","1030","0","abc@speed.app","auto_refund",""
"2026-05-06T20:18:16.135Z","auto_refund_failed","e2da14b8e4d0d38e93705bd9283d5c45","abc@speed.app","","","","1030","0","1030","abc@speed.app","auto_refund","Request failed with status code 400"
"2026-05-06T20:18:15.327Z","auto_refund_requested","e2da14b8e4d0d38e93705bd9283d5c45","abc@speed.app","","","","1030","1030","0","abc@speed.app","auto_refund",""
"2026-05-06T20:13:16.177Z","auto_refund_failed","e2da14b8e4d0d38e93705bd9283d5c45","abc@speed.app","","","","1030","0","1030","abc@speed.app","auto_refund","Request failed with status code 400"
"2026-05-06T20:13:15.311Z","auto_refund_requested","e2da14b8e4d0d38e93705bd9283d5c45","abc@speed.app","","","","1030","1030","0","abc@speed.app","auto_refund",""
"2026-05-06T20:08:16.017Z","auto_refund_failed","e2da14b8e4d0d38e93705bd9283d5c45","abc@speed.app","","","","1030","0","1030","abc@speed.app","auto_refund","Request failed with status code 400"
"2026-05-06T20:08:15.296Z","auto_refund_requested","e2da14b8e4d0d38e93705bd9283d5c45","abc@speed.app","","","","1030","1030","0","abc@speed.app","auto_refund",""
"2026-05-06T20:03:16.096Z","auto_refund_failed","e2da14b8e4d0d38e93705bd9283d5c45","abc@speed.app","","","","1030","0","1030","abc@speed.app","auto_refund","Request failed with status code 400"
"2026-05-06T20:03:15.280Z","auto_refund_requested","e2da14b8e4d0d38e93705bd9283d5c45","abc@speed.app","","","","1030","1030","0","abc@speed.app","auto_refund",""
"2026-05-06T19:58:16.316Z","auto_refund_failed","e2da14b8e4d0d38e93705bd9283d5c45","abc@speed.app","","","","1030","0","1030","abc@speed.app","auto_refund","Request failed with status code 400"
"2026-05-06T19:58:15.266Z","auto_refund_requested","e2da14b8e4d0d38e93705bd9283d5c45","abc@speed.app","","","","1030","1030","0","abc@speed.app","auto_refund",""
"2026-05-06T19:53:16.268Z","auto_refund_failed","e2da14b8e4d0d38e93705bd9283d5c45","abc@speed.app","","","","1030","0","1030","abc@speed.app","auto_refund","Request failed with status code 400"
"2026-05-06T19:53:15.253Z","auto_refund_requested","e2da14b8e4d0d38e93705bd9283d5c45","abc@speed.app","","","","1030","1030","0","abc@speed.app","auto_refund",""
"2026-05-06T19:48:16.005Z","auto_refund_failed","e2da14b8e4d0d38e93705bd9283d5c45","abc@speed.app","","","","1030","0","1030","abc@speed.app","auto_refund","Request failed with status code 400"
"2026-05-06T19:48:15.236Z","auto_refund_requested","e2da14b8e4d0d38e93705bd9283d5c45","abc@speed.app","","","","1030","1030","0","abc@speed.app","auto_refund",""
"2026-05-06T19:43:16.342Z","auto_refund_failed","e2da14b8e4d0d38e93705bd9283d5c45","abc@speed.app","","","","1030","0","1030","abc@speed.app","auto_refund","Request failed with status code 400"
"2026-05-06T19:43:15.219Z","auto_refund_requested","e2da14b8e4d0d38e93705bd9283d5c45","abc@speed.app","","","","1030","1030","0","abc@speed.app","auto_refund",""
"2026-05-06T19:38:15.989Z","auto_refund_failed","e2da14b8e4d0d38e93705bd9283d5c45","abc@speed.app","","","","1030","0","1030","abc@speed.app","auto_refund","Request failed with status code 400"
"2026-05-06T19:38:15.203Z","auto_refund_requested","e2da14b8e4d0d38e93705bd9283d5c45","abc@speed.app","","","","1030","1030","0","abc@speed.app","auto_refund",""
"2026-05-06T19:33:16.244Z","auto_refund_failed","e2da14b8e4d0d38e93705bd9283d5c45","abc@speed.app","","","","1030","0","1030","abc@speed.app","auto_refund","Request failed with status code 400"
"2026-05-06T19:33:15.189Z","auto_refund_requested","e2da14b8e4d0d38e93705bd9283d5c45","abc@speed.app","","","","1030","1030","0","abc@speed.app","auto_refund",""
"2026-05-06T19:28:15.993Z","auto_refund_failed","e2da14b8e4d0d38e93705bd9283d5c45","abc@speed.app","","","","1030","0","1030","abc@speed.app","auto_refund","Request failed with status code 400"
"2026-05-06T19:28:15.174Z","auto_refund_requested","e2da14b8e4d0d38e93705bd9283d5c45","abc@speed.app","","","","1030","1030","0","abc@speed.app","auto_refund",""
"2026-05-06T19:23:16.081Z","auto_refund_failed","e2da14b8e4d0d38e93705bd9283d5c45","abc@speed.app","","","","1030","0","1030","abc@speed.app","auto_refund","Request failed with status code 400"
"2026-05-06T19:23:15.160Z","auto_refund_requested","e2da14b8e4d0d38e93705bd9283d5c45","abc@speed.app","","","","1030","1030","0","abc@speed.app","auto_refund",""
"2026-05-06T19:18:16.028Z","auto_refund_failed","e2da14b8e4d0d38e93705bd9283d5c45","abc@speed.app","","","","1030","0","1030","abc@speed.app","auto_refund","Request failed with status code 400"
"2026-05-06T19:18:15.146Z","auto_refund_requested","e2da14b8e4d0d38e93705bd9283d5c45","abc@speed.app","","","","1030","1030","0","abc@speed.app","auto_refund",""
"2026-05-06T19:13:16.218Z","auto_refund_failed","e2da14b8e4d0d38e93705bd9283d5c45","abc@speed.app","","","","1030","0","1030","abc@speed.app","auto_refund","Request failed with status code 400"
"2026-05-06T19:13:15.135Z","auto_refund_requested","e2da14b8e4d0d38e93705bd9283d5c45","abc@speed.app","","","","1030","1030","0","abc@speed.app","auto_refund",""
"2026-05-06T19:08:15.966Z","auto_refund_failed","e2da14b8e4d0d38e93705bd9283d5c45","abc@speed.app","","","","1030","0","1030","abc@speed.app","auto_refund","Request failed with status code 400"
"2026-05-06T19:08:15.122Z","auto_refund_requested","e2da14b8e4d0d38e93705bd9283d5c45","abc@speed.app","","","","1030","1030","0","abc@speed.app","auto_refund",""
"2026-05-06T19:03:16.098Z","auto_refund_failed","e2da14b8e4d0d38e93705bd9283d5c45","abc@speed.app","","","","1030","0","1030","abc@speed.app","auto_refund","Request failed with status code 400"
"2026-05-06T19:03:15.107Z","auto_refund_requested","e2da14b8e4d0d38e93705bd9283d5c45","abc@speed.app","","","","1030","1030","0","abc@speed.app","auto_refund",""
"2026-05-06T18:58:15.788Z","auto_refund_failed","e2da14b8e4d0d38e93705bd9283d5c45","abc@speed.app","","","","1030","0","1030","abc@speed.app","auto_refund","Request failed with status code 400"
"2026-05-06T18:58:15.092Z","auto_refund_requested","e2da14b8e4d0d38e93705bd9283d5c45","abc@speed.app","","","","1030","1030","0","abc@speed.app","auto_refund",""
"2026-05-06T18:53:16.124Z","auto_refund_failed","e2da14b8e4d0d38e93705bd9283d5c45","abc@speed.app","","","","1030","0","1030","abc@speed.app","auto_refund","Request failed with status code 400"
"2026-05-06T18:53:15.079Z","auto_refund_requested","e2da14b8e4d0d38e93705bd9283d5c45","abc@speed.app","","","","1030","1030","0","abc@speed.app","auto_refund",""
"2026-05-06T18:48:15.982Z","auto_refund_failed","e2da14b8e4d0d38e93705bd9283d5c45","abc@speed.app","","","","1030","0","1030","abc@speed.app","auto_refund","Request failed with status code 400"
"2026-05-06T18:48:15.064Z","auto_refund_requested","e2da14b8e4d0d38e93705bd9283d5c45","abc@speed.app","","","","1030","1030","0","abc@speed.app","auto_refund",""
"2026-05-06T18:43:16.094Z","auto_refund_failed","e2da14b8e4d0d38e93705bd9283d5c45","abc@speed.app","","","","1030","0","1030","abc@speed.app","auto_refund","Request failed with status code 400"
"2026-05-06T18:43:15.051Z","auto_refund_requested","e2da14b8e4d0d38e93705bd9283d5c45","abc@speed.app","","","","1030","1030","0","abc@speed.app","auto_refund",""
"2026-05-06T18:38:15.810Z","auto_refund_failed","e2da14b8e4d0d38e93705bd9283d5c45","abc@speed.app","","","","1030","0","1030","abc@speed.app","auto_refund","Request failed with status code 400"
"2026-05-06T18:38:15.044Z","auto_refund_requested","e2da14b8e4d0d38e93705bd9283d5c45","abc@speed.app","","","","1030","1030","0","abc@speed.app","auto_refund",""
"2026-05-06T18:33:15.870Z","auto_refund_failed","e2da14b8e4d0d38e93705bd9283d5c45","abc@speed.app","","","","1030","0","1030","abc@speed.app","auto_refund","Request failed with status code 400"
"2026-05-06T18:33:15.029Z","auto_refund_requested","e2da14b8e4d0d38e93705bd9283d5c45","abc@speed.app","","","","1030","1030","0","abc@speed.app","auto_refund",""
"2026-05-06T18:28:15.907Z","auto_refund_failed","e2da14b8e4d0d38e93705bd9283d5c45","abc@speed.app","","","","1030","0","1030","abc@speed.app","auto_refund","Request failed with status code 400"
"2026-05-06T18:28:15.014Z","auto_refund_requested","e2da14b8e4d0d38e93705bd9283d5c45","abc@speed.app","","","","1030","1030","0","abc@speed.app","auto_refund",""
"2026-05-06T18:23:15.813Z","auto_refund_failed","e2da14b8e4d0d38e93705bd9283d5c45","abc@speed.app","","","","1030","0","1030","abc@speed.app","auto_refund","Request failed with status code 400"
"2026-05-06T18:23:14.999Z","auto_refund_requested","e2da14b8e4d0d38e93705bd9283d5c45","abc@speed.app","","","","1030","1030","0","abc@speed.app","auto_refund",""
"2026-05-06T18:18:15.728Z","auto_refund_failed","e2da14b8e4d0d38e93705bd9283d5c45","abc@speed.app","","","","1030","0","1030","abc@speed.app","auto_refund","Request failed with status code 400"
"2026-05-06T18:18:14.987Z","auto_refund_requested","e2da14b8e4d0d38e93705bd9283d5c45","abc@speed.app","","","","1030","1030","0","abc@speed.app","auto_refund",""
"2026-05-06T18:13:15.732Z","auto_refund_failed","e2da14b8e4d0d38e93705bd9283d5c45","abc@speed.app","","","","1030","0","1030","abc@speed.app","auto_refund","Request failed with status code 400"
"2026-05-06T18:13:14.972Z","auto_refund_requested","e2da14b8e4d0d38e93705bd9283d5c45","abc@speed.app","","","","1030","1030","0","abc@speed.app","auto_refund",""
"2026-05-06T18:08:15.966Z","auto_refund_failed","e2da14b8e4d0d38e93705bd9283d5c45","abc@speed.app","","","","1030","0","1030","abc@speed.app","auto_refund","Request failed with status code 400"
"2026-05-06T18:08:14.959Z","auto_refund_requested","e2da14b8e4d0d38e93705bd9283d5c45","abc@speed.app","","","","1030","1030","0","abc@speed.app","auto_refund",""
"2026-05-06T18:03:15.817Z","auto_refund_failed","e2da14b8e4d0d38e93705bd9283d5c45","abc@speed.app","","","","1030","0","1030","abc@speed.app","auto_refund","Request failed with status code 400"
"2026-05-06T18:03:14.944Z","auto_refund_requested","e2da14b8e4d0d38e93705bd9283d5c45","abc@speed.app","","","","1030","1030","0","abc@speed.app","auto_refund",""
"2026-05-06T17:58:15.800Z","auto_refund_failed","e2da14b8e4d0d38e93705bd9283d5c45","abc@speed.app","","","","1030","0","1030","abc@speed.app","auto_refund","Request failed with status code 400"
"2026-05-06T17:58:14.929Z","auto_refund_requested","e2da14b8e4d0d38e93705bd9283d5c45","abc@speed.app","","","","1030","1030","0","abc@speed.app","auto_refund",""
"2026-05-06T17:53:15.789Z","auto_refund_failed","e2da14b8e4d0d38e93705bd9283d5c45","abc@speed.app","","","","1030","0","1030","abc@speed.app","auto_refund","Request failed with status code 400"
"2026-05-06T17:53:14.914Z","auto_refund_requested","e2da14b8e4d0d38e93705bd9283d5c45","abc@speed.app","","","","1030","1030","0","abc@speed.app","auto_refund",""
"2026-05-06T17:48:15.729Z","auto_refund_failed","e2da14b8e4d0d38e93705bd9283d5c45","abc@speed.app","","","","1030","0","1030","abc@speed.app","auto_refund","Request failed with status code 400"
"2026-05-06T17:48:14.902Z","auto_refund_requested","e2da14b8e4d0d38e93705bd9283d5c45","abc@speed.app","","","","1030","1030","0","abc@speed.app","auto_refund",""
"2026-05-06T17:43:15.709Z","auto_refund_failed","e2da14b8e4d0d38e93705bd9283d5c45","abc@speed.app","","","","1030","0","1030","abc@speed.app","auto_refund","Request failed with status code 400"
"2026-05-06T17:43:14.888Z","auto_refund_requested","e2da14b8e4d0d38e93705bd9283d5c45","abc@speed.app","","","","1030","1030","0","abc@speed.app","auto_refund",""
"2026-05-06T17:38:15.878Z","auto_refund_failed","e2da14b8e4d0d38e93705bd9283d5c45","abc@speed.app","","","","1030","0","1030","abc@speed.app","auto_refund","Request failed with status code 400"
"2026-05-06T17:38:14.875Z","auto_refund_requested","e2da14b8e4d0d38e93705bd9283d5c45","abc@speed.app","","","","1030","1030","0","abc@speed.app","auto_refund",""
"2026-05-06T17:33:15.879Z","auto_refund_failed","e2da14b8e4d0d38e93705bd9283d5c45","abc@speed.app","","","","1030","0","1030","abc@speed.app","auto_refund","Request failed with status code 400"
"2026-05-06T17:33:14.863Z","auto_refund_requested","e2da14b8e4d0d38e93705bd9283d5c45","abc@speed.app","","","","1030","1030","0","abc@speed.app","auto_refund",""
"2026-05-06T17:28:15.670Z","auto_refund_failed","e2da14b8e4d0d38e93705bd9283d5c45","abc@speed.app","","","","1030","0","1030","abc@speed.app","auto_refund","Request failed with status code 400"
"2026-05-06T17:28:14.852Z","auto_refund_requested","e2da14b8e4d0d38e93705bd9283d5c45","abc@speed.app","","","","1030","1030","0","abc@speed.app","auto_refund",""
"2026-05-06T17:23:15.640Z","auto_refund_failed","e2da14b8e4d0d38e93705bd9283d5c45","abc@speed.app","","","","1030","0","1030","abc@speed.app","auto_refund","Request failed with status code 400"
"2026-05-06T17:23:14.840Z","auto_refund_requested","e2da14b8e4d0d38e93705bd9283d5c45","abc@speed.app","","","","1030","1030","0","abc@speed.app","auto_refund",""
"2026-05-06T17:18:15.611Z","auto_refund_failed","e2da14b8e4d0d38e93705bd9283d5c45","abc@speed.app","","","","1030","0","1030","abc@speed.app","auto_refund","Request failed with status code 400"
"2026-05-06T17:18:14.826Z","auto_refund_requested","e2da14b8e4d0d38e93705bd9283d5c45","abc@speed.app","","","","1030","1030","0","abc@speed.app","auto_refund",""
"2026-05-06T17:13:15.561Z","auto_refund_failed","e2da14b8e4d0d38e93705bd9283d5c45","abc@speed.app","","","","1030","0","1030","abc@speed.app","auto_refund","Request failed with status code 400"
"2026-05-06T17:13:14.812Z","auto_refund_requested","e2da14b8e4d0d38e93705bd9283d5c45","abc@speed.app","","","","1030","1030","0","abc@speed.app","auto_refund",""
"2026-05-06T17:08:15.752Z","auto_refund_failed","e2da14b8e4d0d38e93705bd9283d5c45","abc@speed.app","","","","1030","0","1030","abc@speed.app","auto_refund","Request failed with status code 400"
"2026-05-06T17:08:14.801Z","auto_refund_requested","e2da14b8e4d0d38e93705bd9283d5c45","abc@speed.app","","","","1030","1030","0","abc@speed.app","auto_refund",""
"2026-05-06T17:03:15.585Z","auto_refund_failed","e2da14b8e4d0d38e93705bd9283d5c45","abc@speed.app","","","","1030","0","1030","abc@speed.app","auto_refund","Request failed with status code 400"
"2026-05-06T17:03:14.787Z","auto_refund_requested","e2da14b8e4d0d38e93705bd9283d5c45","abc@speed.app","","","","1030","1030","0","abc@speed.app","auto_refund",""
"2026-05-06T16:58:15.621Z","auto_refund_failed","e2da14b8e4d0d38e93705bd9283d5c45","abc@speed.app","","","","1030","0","1030","abc@speed.app","auto_refund","Request failed with status code 400"
"2026-05-06T16:58:14.773Z","auto_refund_requested","e2da14b8e4d0d38e93705bd9283d5c45","abc@speed.app","","","","1030","1030","0","abc@speed.app","auto_refund",""
"2026-05-06T16:53:15.540Z","auto_refund_failed","e2da14b8e4d0d38e93705bd9283d5c45","abc@speed.app","","","","1030","0","1030","abc@speed.app","auto_refund","Request failed with status code 400"
"2026-05-06T16:53:14.760Z","auto_refund_requested","e2da14b8e4d0d38e93705bd9283d5c45","abc@speed.app","","","","1030","1030","0","abc@speed.app","auto_refund",""
"2026-05-06T16:48:15.481Z","auto_refund_failed","e2da14b8e4d0d38e93705bd9283d5c45","abc@speed.app","","","","1030","0","1030","abc@speed.app","auto_refund","Request failed with status code 400"
"2026-05-06T16:48:14.749Z","auto_refund_requested","e2da14b8e4d0d38e93705bd9283d5c45","abc@speed.app","","","","1030","1030","0","abc@speed.app","auto_refund",""
"2026-05-06T16:43:15.457Z","auto_refund_failed","e2da14b8e4d0d38e93705bd9283d5c45","abc@speed.app","","","","1030","0","1030","abc@speed.app","auto_refund","Request failed with status code 400"
"2026-05-06T16:43:14.736Z","auto_refund_requested","e2da14b8e4d0d38e93705bd9283d5c45","abc@speed.app","","","","1030","1030","0","abc@speed.app","auto_refund",""
"2026-05-06T16:38:15.424Z","auto_refund_failed","e2da14b8e4d0d38e93705bd9283d5c45","abc@speed.app","","","","1030","0","1030","abc@speed.app","auto_refund","Request failed with status code 400"
"2026-05-06T16:38:14.722Z","auto_refund_requested","e2da14b8e4d0d38e93705bd9283d5c45","abc@speed.app","","","","1030","1030","0","abc@speed.app","auto_refund",""
"2026-05-06T16:33:15.549Z","auto_refund_failed","e2da14b8e4d0d38e93705bd9283d5c45","abc@speed.app","","","","1030","0","1030","abc@speed.app","auto_refund","Request failed with status code 400"
"2026-05-06T16:33:14.709Z","auto_refund_requested","e2da14b8e4d0d38e93705bd9283d5c45","abc@speed.app","","","","1030","1030","0","abc@speed.app","auto_refund",""
"2026-05-06T16:28:15.648Z","auto_refund_failed","e2da14b8e4d0d38e93705bd9283d5c45","abc@speed.app","","","","1030","0","1030","abc@speed.app","auto_refund","Request failed with status code 400"
"2026-05-06T16:28:14.696Z","auto_refund_requested","e2da14b8e4d0d38e93705bd9283d5c45","abc@speed.app","","","","1030","1030","0","abc@speed.app","auto_refund",""
"2026-05-06T16:23:15.444Z","auto_refund_failed","e2da14b8e4d0d38e93705bd9283d5c45","abc@speed.app","","","","1030","0","1030","abc@speed.app","auto_refund","Request failed with status code 400"
"2026-05-06T16:23:14.682Z","auto_refund_requested","e2da14b8e4d0d38e93705bd9283d5c45","abc@speed.app","","","","1030","1030","0","abc@speed.app","auto_refund",""
"2026-05-06T16:18:15.727Z","auto_refund_failed","e2da14b8e4d0d38e93705bd9283d5c45","abc@speed.app","","","","1030","0","1030","abc@speed.app","auto_refund","Request failed with status code 400"
"2026-05-06T16:18:14.669Z","auto_refund_requested","e2da14b8e4d0d38e93705bd9283d5c45","abc@speed.app","","","","1030","1030","0","abc@speed.app","auto_refund",""
"2026-05-06T16:13:15.435Z","auto_refund_failed","e2da14b8e4d0d38e93705bd9283d5c45","abc@speed.app","","","","1030","0","1030","abc@speed.app","auto_refund","Request failed with status code 400"
"2026-05-06T16:13:14.658Z","auto_refund_requested","e2da14b8e4d0d38e93705bd9283d5c45","abc@speed.app","","","","1030","1030","0","abc@speed.app","auto_refund",""
"2026-05-06T16:08:15.631Z","auto_refund_failed","e2da14b8e4d0d38e93705bd9283d5c45","abc@speed.app","","","","1030","0","1030","abc@speed.app","auto_refund","Request failed with status code 400"
"2026-05-06T16:08:14.644Z","auto_refund_requested","e2da14b8e4d0d38e93705bd9283d5c45","abc@speed.app","","","","1030","1030","0","abc@speed.app","auto_refund",""
"2026-05-06T16:03:15.535Z","auto_refund_failed","e2da14b8e4d0d38e93705bd9283d5c45","abc@speed.app","","","","1030","0","1030","abc@speed.app","auto_refund","Request failed with status code 400"
"2026-05-06T16:03:14.631Z","auto_refund_requested","e2da14b8e4d0d38e93705bd9283d5c45","abc@speed.app","","","","1030","1030","0","abc@speed.app","auto_refund",""
"2026-05-06T15:58:15.545Z","auto_refund_failed","e2da14b8e4d0d38e93705bd9283d5c45","abc@speed.app","","","","1030","0","1030","abc@speed.app","auto_refund","Request failed with status code 400"
"2026-05-06T15:58:14.623Z","auto_refund_requested","e2da14b8e4d0d38e93705bd9283d5c45","abc@speed.app","","","","1030","1030","0","abc@speed.app","auto_refund",""
"2026-05-06T15:53:15.715Z","auto_refund_failed","e2da14b8e4d0d38e93705bd9283d5c45","abc@speed.app","","","","1030","0","1030","abc@speed.app","auto_refund","Request failed with status code 400"
"2026-05-06T15:53:14.612Z","auto_refund_requested","e2da14b8e4d0d38e93705bd9283d5c45","abc@speed.app","","","","1030","1030","0","abc@speed.app","auto_refund",""
"2026-05-06T15:48:15.345Z","auto_refund_failed","e2da14b8e4d0d38e93705bd9283d5c45","abc@speed.app","","","","1030","0","1030","abc@speed.app","auto_refund","Request failed with status code 400"
"2026-05-06T15:48:14.599Z","auto_refund_requested","e2da14b8e4d0d38e93705bd9283d5c45","abc@speed.app","","","","1030","1030","0","abc@speed.app","auto_refund",""
"2026-05-06T15:43:15.559Z","auto_refund_failed","e2da14b8e4d0d38e93705bd9283d5c45","abc@speed.app","","","","1030","0","1030","abc@speed.app","auto_refund","Request failed with status code 400"
"2026-05-06T15:43:14.590Z","auto_refund_requested","e2da14b8e4d0d38e93705bd9283d5c45","abc@speed.app","","","","1030","1030","0","abc@speed.app","auto_refund",""
"2026-05-06T15:38:15.637Z","auto_refund_failed","e2da14b8e4d0d38e93705bd9283d5c45","abc@speed.app","","","","1030","0","1030","abc@speed.app","auto_refund","Request failed with status code 400"
"2026-05-06T15:38:14.582Z","auto_refund_requested","e2da14b8e4d0d38e93705bd9283d5c45","abc@speed.app","","","","1030","1030","0","abc@speed.app","auto_refund",""
"2026-05-06T15:33:15.400Z","auto_refund_failed","e2da14b8e4d0d38e93705bd9283d5c45","abc@speed.app","","","","1030","0","1030","abc@speed.app","auto_refund","Request failed with status code 400"
"2026-05-06T15:33:14.570Z","auto_refund_requested","e2da14b8e4d0d38e93705bd9283d5c45","abc@speed.app","","","","1030","1030","0","abc@speed.app","auto_refund",""
"2026-05-06T15:28:15.559Z","auto_refund_failed","e2da14b8e4d0d38e93705bd9283d5c45","abc@speed.app","","","","1030","0","1030","abc@speed.app","auto_refund","Request failed with status code 400"
"2026-05-06T15:28:14.561Z","auto_refund_requested","e2da14b8e4d0d38e93705bd9283d5c45","abc@speed.app","","","","1030","1030","0","abc@speed.app","auto_refund",""
"2026-05-06T15:23:16.127Z","auto_refund_failed","e2da14b8e4d0d38e93705bd9283d5c45","abc@speed.app","","","","1030","0","1030","abc@speed.app","auto_refund","Request failed with status code 400"
"2026-05-06T15:23:14.553Z","auto_refund_requested","e2da14b8e4d0d38e93705bd9283d5c45","abc@speed.app","","","","1030","1030","0","abc@speed.app","auto_refund",""
"2026-05-06T15:18:15.616Z","auto_refund_failed","e2da14b8e4d0d38e93705bd9283d5c45","abc@speed.app","","","","1030","0","1030","abc@speed.app","auto_refund","Request failed with status code 400"
"2026-05-06T15:18:14.543Z","auto_refund_requested","e2da14b8e4d0d38e93705bd9283d5c45","abc@speed.app","","","","1030","1030","0","abc@speed.app","auto_refund",""
"2026-05-06T15:13:15.307Z","auto_refund_failed","e2da14b8e4d0d38e93705bd9283d5c45","abc@speed.app","","","","1030","0","1030","abc@speed.app","auto_refund","Request failed with status code 400"
"2026-05-06T15:13:14.533Z","auto_refund_requested","e2da14b8e4d0d38e93705bd9283d5c45","abc@speed.app","","","","1030","1030","0","abc@speed.app","auto_refund",""
"2026-05-06T15:08:15.399Z","auto_refund_failed","e2da14b8e4d0d38e93705bd9283d5c45","abc@speed.app","","","","1030","0","1030","abc@speed.app","auto_refund","Request failed with status code 400"
"2026-05-06T15:08:14.520Z","auto_refund_requested","e2da14b8e4d0d38e93705bd9283d5c45","abc@speed.app","","","","1030","1030","0","abc@speed.app","auto_refund",""
"2026-05-06T15:03:15.408Z","auto_refund_failed","e2da14b8e4d0d38e93705bd9283d5c45","abc@speed.app","","","","1030","0","1030","abc@speed.app","auto_refund","Request failed with status code 400"
"2026-05-06T15:03:14.507Z","auto_refund_requested","e2da14b8e4d0d38e93705bd9283d5c45","abc@speed.app","","","","1030","1030","0","abc@speed.app","auto_refund",""
"2026-05-06T14:58:15.529Z","auto_refund_failed","e2da14b8e4d0d38e93705bd9283d5c45","abc@speed.app","","","","1030","0","1030","abc@speed.app","auto_refund","Request failed with status code 400"
"2026-05-06T14:58:14.497Z","auto_refund_requested","e2da14b8e4d0d38e93705bd9283d5c45","abc@speed.app","","","","1030","1030","0","abc@speed.app","auto_refund",""
"2026-05-06T14:53:15.346Z","auto_refund_failed","e2da14b8e4d0d38e93705bd9283d5c45","abc@speed.app","","","","1030","0","1030","abc@speed.app","auto_refund","Request failed with status code 400"
"2026-05-06T14:53:14.484Z","auto_refund_requested","e2da14b8e4d0d38e93705bd9283d5c45","abc@speed.app","","","","1030","1030","0","abc@speed.app","auto_refund",""
"2026-05-06T14:48:15.339Z","auto_refund_failed","e2da14b8e4d0d38e93705bd9283d5c45","abc@speed.app","","","","1030","0","1030","abc@speed.app","auto_refund","Request failed with status code 400"
"2026-05-06T14:48:14.476Z","auto_refund_requested","e2da14b8e4d0d38e93705bd9283d5c45","abc@speed.app","","","","1030","1030","0","abc@speed.app","auto_refund",""
"2026-05-06T14:43:15.323Z","auto_refund_failed","e2da14b8e4d0d38e93705bd9283d5c45","abc@speed.app","","","","1030","0","1030","abc@speed.app","auto_refund","Request failed with status code 400"
"2026-05-06T14:43:14.465Z","auto_refund_requested","e2da14b8e4d0d38e93705bd9283d5c45","abc@speed.app","","","","1030","1030","0","abc@speed.app","auto_refund",""
"2026-05-06T14:38:15.323Z","auto_refund_failed","e2da14b8e4d0d38e93705bd9283d5c45","abc@speed.app","","","","1030","0","1030","abc@speed.app","auto_refund","Request failed with status code 400"
"2026-05-06T14:38:14.454Z","auto_refund_requested","e2da14b8e4d0d38e93705bd9283d5c45","abc@speed.app","","","","1030","1030","0","abc@speed.app","auto_refund",""
"2026-05-06T14:33:15.232Z","auto_refund_failed","e2da14b8e4d0d38e93705bd9283d5c45","abc@speed.app","","","","1030","0","1030","abc@speed.app","auto_refund","Request failed with status code 400"
"2026-05-06T14:33:14.442Z","auto_refund_requested","e2da14b8e4d0d38e93705bd9283d5c45","abc@speed.app","","","","1030","1030","0","abc@speed.app","auto_refund",""
"2026-05-06T14:28:15.216Z","auto_refund_failed","e2da14b8e4d0d38e93705bd9283d5c45","abc@speed.app","","","","1030","0","1030","abc@speed.app","auto_refund","Request failed with status code 400"
"2026-05-06T14:28:14.433Z","auto_refund_requested","e2da14b8e4d0d38e93705bd9283d5c45","abc@speed.app","","","","1030","1030","0","abc@speed.app","auto_refund",""
"2026-05-06T14:23:15.247Z","auto_refund_failed","e2da14b8e4d0d38e93705bd9283d5c45","abc@speed.app","","","","1030","0","1030","abc@speed.app","auto_refund","Request failed with status code 400"
"2026-05-06T14:23:14.421Z","auto_refund_requested","e2da14b8e4d0d38e93705bd9283d5c45","abc@speed.app","","","","1030","1030","0","abc@speed.app","auto_refund",""
"2026-05-06T14:18:15.312Z","auto_refund_failed","e2da14b8e4d0d38e93705bd9283d5c45","abc@speed.app","","","","1030","0","1030","abc@speed.app","auto_refund","Request failed with status code 400"
"2026-05-06T14:18:14.409Z","auto_refund_requested","e2da14b8e4d0d38e93705bd9283d5c45","abc@speed.app","","","","1030","1030","0","abc@speed.app","auto_refund",""
"2026-05-06T14:13:15.280Z","auto_refund_failed","e2da14b8e4d0d38e93705bd9283d5c45","abc@speed.app","","","","1030","0","1030","abc@speed.app","auto_refund","Request failed with status code 400"
"2026-05-06T14:13:14.397Z","auto_refund_requested","e2da14b8e4d0d38e93705bd9283d5c45","abc@speed.app","","","","1030","1030","0","abc@speed.app","auto_refund",""
"2026-05-06T14:08:15.431Z","auto_refund_failed","e2da14b8e4d0d38e93705bd9283d5c45","abc@speed.app","","","","1030","0","1030","abc@speed.app","auto_refund","Request failed with status code 400"
"2026-05-06T14:08:14.385Z","auto_refund_requested","e2da14b8e4d0d38e93705bd9283d5c45","abc@speed.app","","","","1030","1030","0","abc@speed.app","auto_refund",""
"2026-05-06T14:03:15.244Z","auto_refund_failed","e2da14b8e4d0d38e93705bd9283d5c45","abc@speed.app","","","","1030","0","1030","abc@speed.app","auto_refund","Request failed with status code 400"
"2026-05-06T14:03:14.375Z","auto_refund_requested","e2da14b8e4d0d38e93705bd9283d5c45","abc@speed.app","","","","1030","1030","0","abc@speed.app","auto_refund",""
"2026-05-06T13:58:15.326Z","auto_refund_failed","e2da14b8e4d0d38e93705bd9283d5c45","abc@speed.app","","","","1030","0","1030","abc@speed.app","auto_refund","Request failed with status code 400"
"2026-05-06T13:58:14.363Z","auto_refund_requested","e2da14b8e4d0d38e93705bd9283d5c45","abc@speed.app","","","","1030","1030","0","abc@speed.app","auto_refund",""
"2026-05-06T13:53:15.202Z","auto_refund_failed","e2da14b8e4d0d38e93705bd9283d5c45","abc@speed.app","","","","1030","0","1030","abc@speed.app","auto_refund","Request failed with status code 400"
"2026-05-06T13:53:14.353Z","auto_refund_requested","e2da14b8e4d0d38e93705bd9283d5c45","abc@speed.app","","","","1030","1030","0","abc@speed.app","auto_refund",""
"2026-05-06T13:48:15.248Z","auto_refund_failed","e2da14b8e4d0d38e93705bd9283d5c45","abc@speed.app","","","","1030","0","1030","abc@speed.app","auto_refund","Request failed with status code 400"
"2026-05-06T13:48:14.345Z","auto_refund_requested","e2da14b8e4d0d38e93705bd9283d5c45","abc@speed.app","","","","1030","1030","0","abc@speed.app","auto_refund",""
"2026-05-06T13:43:15.328Z","auto_refund_failed","e2da14b8e4d0d38e93705bd9283d5c45","abc@speed.app","","","","1030","0","1030","abc@speed.app","auto_refund","Request failed with status code 400"
"2026-05-06T13:43:14.334Z","auto_refund_requested","e2da14b8e4d0d38e93705bd9283d5c45","abc@speed.app","","","","1030","1030","0","abc@speed.app","auto_refund",""
"2026-05-06T13:38:15.352Z","auto_refund_failed","e2da14b8e4d0d38e93705bd9283d5c45","abc@speed.app","","","","1030","0","1030","abc@speed.app","auto_refund","Request failed with status code 400"
"2026-05-06T13:38:14.323Z","auto_refund_requested","e2da14b8e4d0d38e93705bd9283d5c45","abc@speed.app","","","","1030","1030","0","abc@speed.app","auto_refund",""
"2026-05-06T13:33:15.330Z","auto_refund_failed","e2da14b8e4d0d38e93705bd9283d5c45","abc@speed.app","","","","1030","0","1030","abc@speed.app","auto_refund","Request failed with status code 400"
"2026-05-06T13:33:14.313Z","auto_refund_requested","e2da14b8e4d0d38e93705bd9283d5c45","abc@speed.app","","","","1030","1030","0","abc@speed.app","auto_refund",""
"2026-05-06T13:28:15.133Z","auto_refund_failed","e2da14b8e4d0d38e93705bd9283d5c45","abc@speed.app","","","","1030","0","1030","abc@speed.app","auto_refund","Request failed with status code 400"
"2026-05-06T13:28:14.304Z","auto_refund_requested","e2da14b8e4d0d38e93705bd9283d5c45","abc@speed.app","","","","1030","1030","0","abc@speed.app","auto_refund",""
"2026-05-06T13:23:15.388Z","auto_refund_failed","e2da14b8e4d0d38e93705bd9283d5c45","abc@speed.app","","","","1030","0","1030","abc@speed.app","auto_refund","Request failed with status code 400"
"2026-05-06T13:23:14.292Z","auto_refund_requested","e2da14b8e4d0d38e93705bd9283d5c45","abc@speed.app","","","","1030","1030","0","abc@speed.app","auto_refund",""
"2026-05-06T13:18:15.123Z","auto_refund_failed","e2da14b8e4d0d38e93705bd9283d5c45","abc@speed.app","","","","1030","0","1030","abc@speed.app","auto_refund","Request failed with status code 400"
"2026-05-06T13:18:14.281Z","auto_refund_requested","e2da14b8e4d0d38e93705bd9283d5c45","abc@speed.app","","","","1030","1030","0","abc@speed.app","auto_refund",""
"2026-05-06T13:13:15.182Z","auto_refund_failed","e2da14b8e4d0d38e93705bd9283d5c45","abc@speed.app","","","","1030","0","1030","abc@speed.app","auto_refund","Request failed with status code 400"
"2026-05-06T13:13:14.270Z","auto_refund_requested","e2da14b8e4d0d38e93705bd9283d5c45","abc@speed.app","","","","1030","1030","0","abc@speed.app","auto_refund",""
"2026-05-06T13:08:15.195Z","auto_refund_failed","e2da14b8e4d0d38e93705bd9283d5c45","abc@speed.app","","","","1030","0","1030","abc@speed.app","auto_refund","Request failed with status code 400"
"2026-05-06T13:08:14.260Z","auto_refund_requested","e2da14b8e4d0d38e93705bd9283d5c45","abc@speed.app","","","","1030","1030","0","abc@speed.app","auto_refund",""
"2026-05-06T13:03:15.311Z","auto_refund_failed","e2da14b8e4d0d38e93705bd9283d5c45","abc@speed.app","","","","1030","0","1030","abc@speed.app","auto_refund","Request failed with status code 400"
"2026-05-06T13:03:14.249Z","auto_refund_requested","e2da14b8e4d0d38e93705bd9283d5c45","abc@speed.app","","","","1030","1030","0","abc@speed.app","auto_refund",""
"2026-05-06T12:58:14.997Z","auto_refund_failed","e2da14b8e4d0d38e93705bd9283d5c45","abc@speed.app","","","","1030","0","1030","abc@speed.app","auto_refund","Request failed with status code 400"
"2026-05-06T12:58:14.239Z","auto_refund_requested","e2da14b8e4d0d38e93705bd9283d5c45","abc@speed.app","","","","1030","1030","0","abc@speed.app","auto_refund",""
"2026-05-06T12:28:09.132Z","withdraw_failed","e2da14b8e4d0d38e93705bd9283d5c45","abc@speed.app","","","","1030","0","1030","abc@speed.app","manual_withdraw","Request failed with status code 400"
"2026-05-06T12:28:08.468Z","withdraw_requested","e2da14b8e4d0d38e93705bd9283d5c45","abc@speed.app","","","","1030","1030","0","abc@speed.app","manual_withdraw",""
"2026-05-06T12:26:45.409Z","withdraw_failed","e2da14b8e4d0d38e93705bd9283d5c45","abc@speed.app","","","","1030","0","1030","abc@speed.app","manual_withdraw","Request failed with status code 400"
"2026-05-06T12:26:44.597Z","withdraw_requested","e2da14b8e4d0d38e93705bd9283d5c45","abc@speed.app","","","","1030","1030","0","abc@speed.app","manual_withdraw",""
"2026-05-06T12:24:31.787Z","spin_payout","e2da14b8e4d0d38e93705bd9283d5c45","abc@speed.app","","20","50","","980","1030","wallet","",""
"2026-05-06T12:24:31.786Z","spin_bet","e2da14b8e4d0d38e93705bd9283d5c45","abc@speed.app","","20","","","1000","980","","",""
"2026-05-06T12:24:20.010Z","topup_credited","e2da14b8e4d0d38e93705bd9283d5c45","abc@speed.app","pi_mou147h9d8mDKfxt","","","1000","0","1000","","",""
